Evento,Caso de uso Receptor,Caso de uso Emisor,Descripción
Webhook de Notificación Asíncrona (Pasarela Externa),Procesamiento de Pagos Automático (Relacionado a UC-SUS-04),,Evento externo emitido por la pasarela de pagos (ej. Stripe) que dicta el estado real de los cobros y renovaciones para actualizar la vigencia de la suscripción de forma segura.
Cron Job / Gatillo de Tiempo Diario,UC-SUS-11: Suspender Suscripción por Morosidad,,Proceso trabajador en segundo plano que evalúa diariamente si la fecha de vigencia (paidThroughDate) de los contratos ha expirado para ejecutar el Blackout Comercial.
Cron Job / Gatillo de Tiempo Diario,UC-SUS-12: Activar Comunidad Programada,,Proceso automático en segundo plano que busca comunidades en estado PENDING_START y las transiciona a ACTIVE cuando se cumple su fecha de inicio de contrato.
CommunityProvisionedEvent,UC-COM-09: Inicializar Entorno de Comunidad,UC-SUS-01: Aprovisionar Nuevo Fraccionamiento,Reacciona a la firma del contrato para crear el registro raíz de la comunidad en la base de datos local y establecer su capacidad máxima inmutable.
CommunityProfileUpdatedEvent,Sincronización de Perfil (Receptor Implícito),UC-SUS-10: Actualizar Datos Administrativos de Fraccionamiento,Sincroniza el nombre o dirección corregida en el sistema central para que se refleje de inmediato en la interfaz de los residentes locales.
SubscriptionSuspendedEvent,Filtro Transversal de Dominio (Interceptor),UC-SUS-11: Suspender Suscripción por Morosidad,Aplica el Blackout Comercial bloqueando las capacidades de escritura del panel del administrador local (impidiendo registrar nuevas casas o residentes) debido a falta de pago.
CommunityOperationsStartedEvent,Habilitador de Operaciones (Receptor Implícito),UC-SUS-12: Activar Comunidad Programada,Notifica a la capa local que el fraccionamiento ya está legal y financieramente autorizado para que el administrador comience a utilizar su panel web.
SubscriptionCanceledEvent,Filtro Transversal de Dominio (Interceptor),UC-SUS-14: Cancelar / Dar de Baja Fraccionamiento,Congela de forma irreversible el panel administrativo local a consecuencia de la baja definitiva del contrato B2B.
CommunitySettingsUpdatedEvent,UC-ACC-19: Inicializar Entorno de Caseta,UC-COM-01: Configurar Reglas de Comunidad,Inicializa las configuraciones operativas requeridas por el motor de accesos local como la zona horaria y el contador de aforo inicial.
HouseOperationalStatusChangedEvent,UC-ACC-21: Reaccionar a Suspensión de Unidad,UC-COM-07: Modificar Estado Operativo de Unidad Privativa,Purga inmediatamente los accesos futuros de una casa cuando esta es castigada o suspendida cambiando su estado a CANCELED_BY_ADMIN para hacer efectiva la sanción en caseta.
AccessPassDeliveryFailedEvent,UC-ACC-22: Procesar Fallo de Entrega de Invitación,UC-NOT-04: Distribuir Pase de Acceso a Visitante,Reacciona cuando el motor de notificaciones falla al entregar el pase inhabilitando la invitación a estado DELIVERY_FAILED para proteger la seguridad del recinto.
SubscriptionSuspendedEvent,Modo de Bloqueo Local (Hardware/KioskApp),UC-SUS-11: Suspender Suscripción por Morosidad,Aplica el Blackout Comercial bloqueando las validaciones de QRs de entrada pero manteniendo operativas obligatoriamente las salidas y el Botón de Pánico.
ResidentRemovedEvent,Cancelación en Cascada (Receptor Implícito),UC-COM-06: Remover Residente,Obliga al contexto de accesos a cancelar automáticamente todas las invitaciones futuras que habían sido generadas por el usuario dado de baja.
CommunityAdminAssignedEvent,UC-IAM-02: Provisionar Nueva Cuenta de Personal,UC-SUS-01: Aprovisionar Nuevo Fraccionamiento,Reacciona al aprovisionamiento de un cliente para orquestar la creación o vinculación de la cuenta del administrador local en el IdP y disparar su correo de bienvenida.
ResidentRemovedEvent,UC-IAM-05: Revocar Sesiones por Evento de Dominio,UC-COM-06: Remover Residente,Escucha la eliminación de un residente para forzar la revocación inmediata de sus tokens de sesión activa en el proveedor de identidades externo.
SubscriptionCanceledEvent,UC-IAM-05: Revocar Sesiones por Evento de Dominio,UC-SUS-14: Cancelar / Dar de Baja Fraccionamiento,Invalida obligatoriamente todas las sesiones activas y tokens de acceso de todos los usuarios (administradores y guardias) pertenecientes al fraccionamiento dado de baja.
AccessGrantedEvent,UC-NOT-01: Notificar Acceso a Residente,UC-ACC-03: Registrar Entrada Online,Dispara una alerta Push asíncrona hacia el dispositivo móvil del residente indicando que su visita acaba de cruzar la caseta.
UnscheduledVisitAlertEvent,UC-NOT-01: Notificar Acceso a Residente,UC-ACC-06: Registrar Llegada Sorpresa,Dispara una alerta Push de alta prioridad informando al residente sobre una llegada física a caseta que requiere validación por interfono.
EmergencyOverrideTriggeredEvent,UC-NOT-02: Escalar Alerta de Pánico,UC-ACC-07: Ejecutar Apertura de Contingencia,Reacciona al uso del botón de pánico físico en caseta para intentar despachar una alerta prioritaria evadiendo modos silenciosos hacia los administradores y guardias.
DepartureRegisteredEvent,UC-NOT-03: Notificar Salida de Visitante,UC-ACC-08: Registrar Salida (o Salida Manual),Informa al residente que su visitante ha abandonado el fraccionamiento cerrando el ciclo de la visita.
InvitationGeneratedEvent,UC-NOT-04: Distribuir Pase de Acceso a Visitante,UC-ACC-01: Generar Invitación de Acceso,Consume el payload con el token (QR/PIN) para formatearlo en una plantilla y enviarlo al visitante externo vía Correo o WhatsApp.
InvitationContactUpdatedEvent,UC-NOT-04: Distribuir Pase de Acceso a Visitante,UC-ACC-14: Actualizar Contacto de Invitación,Reacciona a la corrección de un error de dedo en el teléfono/correo para intentar la entrega del pase nuevamente.
InvitationCanceledEvent,UC-NOT-05: Notificar Cancelación de Pase,UC-ACC-02: Cancelar Invitación,Envía un mensaje preventivo al visitante informándole que su código de acceso ha sido revocado y no funcionará en caseta.
InvitationResendRequestedEvent,UC-NOT-06: Procesar Reenvío Manual de Pase,UC-ACC-15: Solicitar Reenvío de Invitación,Recibe el comando directo (asumiendo que las reglas de rate-limiting ya pasaron en el contexto de accesos) para reenviar la plantilla del token.
SubscriptionSuspendedEvent,UC-NOT-07: Despachar Alerta Administrativa,UC-SUS-11: Suspender Suscripción por Morosidad,Envía un correo crítico al CommunityAdmin notificándole que el fraccionamiento ha entrado en Blackout Comercial.
