Evento,Descripcion,Caso de uso Emisor,Consumidor(es) Destino (Sugerencia)
CommunityProvisionedEvent,"Ejecuta la inicialización del entorno, crea el registro raíz de la comunidad y fija la capacidad máxima permitida.","UC-SUS-01: Aprovisionar Nuevo Fraccionamiento","Contexto de Comunidad (UC-COM-09)"
CommunityAdminAssignedEvent,"Orquesta la creación o vinculación en el IdP y dispara el correo de bienvenida para la identidad.","UC-SUS-01: Aprovisionar Nuevo Fraccionamiento","Contexto IAM (UC-IAM-02)"
SubscriptionPeriodExtendedEvent,"Notifica la nueva vigencia financiera siempre que el registro del pago sea exitoso.","UC-SUS-04: Registrar Pago Manual","No especificado en documento base"
SubscriptionReactivatedEvent,"Levanta el castigo y el Blackout para permitir que las plumas vuelvan a funcionar de inmediato cuando una comunidad suspendida paga o recibe periodo de gracia.","UC-SUS-04: Registrar Pago Manual, UC-SUS-05: Reactivación Manual / Extensión de Gracia","Contexto de Accesos"
GracePeriodGrantedEvent,"Registra en auditoría la acción excepcional para futuras revisiones sin alterar el saldo contable.","UC-SUS-05: Reactivación Manual / Extensión de Gracia","Contexto de Auditoría"
CommunityProfileUpdatedEvent,"Sincroniza el nombre corregido en la interfaz de los residentes.","UC-SUS-10: Actualizar Datos Administrativos de Fraccionamiento","Contexto de Comunidad"
SubscriptionSuspendedEvent,"Aplica el castigo comercial activando el Modo de Bloqueo en casetas y congelando el panel del administrador local.","UC-SUS-11: Suspender Suscripción por Morosidad","Contexto de Accesos, Contexto de Comunidad"
CommunityOperationsStartedEvent,"Notifica que el fraccionamiento ya está legal y financieramente autorizado para comenzar a operar las casetas y utilizar el panel web.","UC-SUS-12: Activar Comunidad Programada","Contexto de Accesos, Contexto de Comunidad"
SubscriptionCanceledEvent,"Bloquea el funcionamiento de casetas, congela el panel administrativo e invalida obligatoriamente todas las sesiones activas y tokens por baja del contrato.","UC-SUS-14: Cancelar / Dar de Baja Fraccionamiento","Contextos de Accesos, Comunidad e IAM"
CommunitySettingsUpdatedEvent,"Notifica el cambio transportando los atributos de negocio clave como la zona horaria y los límites operativos actualizados.","UC-COM-01: Configurar Reglas de Comunidad","Contexto de Accesos (ej. UC-ACC-19)"
HouseModelRegisteredEvent,"Se dispara al registrar exitosamente un arquetipo o molde arquitectónico para las unidades privativas.","UC-COM-02: Registrar Modelo de Propiedad","No especificado en documento base"
HouseRegisteredEvent,"Confirma el alta de una o múltiples unidades privativas conteniendo la firma del actor para el log de auditoría.","UC-COM-03: Registrar Unidad Privativa, UC-COM-08: Generar Bloque de Unidades Privativas","Contexto de Auditoría / AuditLog"
PrimaryResidentAssignedEvent,"Confirma la creación de un vínculo activo de residencia principal (titularidad) sobre una casa.","UC-COM-04: Asignar Residente Principal","No especificado en documento base"
SecondaryResidentRegisteredEvent,"Confirma la creación de un vínculo de residencia secundaria para familiares o roomies.","UC-COM-05: Registrar Residente Secundario","No especificado en documento base"
ResidentRemovedEvent,"Notifica la desactivación del vínculo de residencia (baja). En caso de remoción en cascada, emite eventos individuales independientes por cada usuario.","UC-COM-06: Remover Residente","Contexto de Accesos, Contexto IAM"
HouseOperationalStatusChangedEvent,"Evento de integración crítico que viaja por el bus de mensajes para notificar cambios de estado (ej. ACTIVE a SUSPENDED).","UC-COM-07: Modificar Estado Operativo de Unidad Privativa","Contexto de Accesos"
HouseSuspendedNotificationEvent,"Evento de alerta capturado por el adaptador móvil indicando que los accesos han sido revocados por suspensión administrativa.","UC-COM-07: Modificar Estado Operativo de Unidad Privativa","Contexto de Notificaciones / Frontend Móvil"
PrivacyOverrideAuditedEvent,"Registra inmutablemente en la bitácora que el administrador rompió el protocolo de privacidad para un registro específico junto a su justificación.","UC-COM-10: Auditar Identidad de Visitante (Break-Glass Flow)","Contexto de Auditoría / AuditLog"
InvitationGeneratedEvent,Notifica para enviar WhatsApp/Email al visitante con su código y para actualizar la interfaz del residente.,UC-ACC-01: Generar Invitación de Acceso,Contexto de Notificaciones (UC-NOT-04)
InvitationCanceledEvent,Notifica al visitante que su código fue revocado y actualiza la UI de la app del residente.,UC-ACC-02: Cancelar Invitación,Contexto de Notificaciones (UC-NOT-05)
AccessGrantedEvent,Activa el relevador de la pluma localmente y dispara la notificación Push al residente en la nube.,UC-ACC-03: Registrar Entrada Online,Contexto de Notificaciones (UC-NOT-01)
AccessDeniedEvent,Registra el intento fallido de acceso con código en la bitácora por motivos de seguridad.,UC-ACC-03: Registrar Entrada Online,Contexto de Auditoría
DeferredAccessesProcessedEvent,Ajusta el aforo global del fraccionamiento tras procesar un lote de accesos luego de una caída de red.,UC-ACC-05: Procesar Eventos Diferidos,Contexto de Comunidad
OfflineOverrideAlertEvent,Alerta transparente al residente indicando que su visita logró ingresar offline justo después de una cancelación en la nube.,UC-ACC-05: Procesar Eventos Diferidos,Contexto de Notificaciones
ManualAccessGrantedEvent,Comando interno local hacia el hardware de la KioskApp para abrir la barrera física sin código.,UC-ACC-06: Registrar Llegada Sorpresa / UC-ACC-20: Salida Manual,Adaptador de Hardware IoT
UnscheduledVisitAlertEvent,Dispara una notificación Push urgente al residente indicando visita sorpresa registrada en caseta.,UC-ACC-06: Registrar Llegada Sorpresa,Contexto de Notificaciones (UC-NOT-01)
ParkingSpaceReservedEvent,Actualiza el contador global de aforo al ingresar un vehículo descontando un espacio.,UC-ACC-06: Registrar Llegada Sorpresa,Contexto de Comunidad
EmergencyOverrideTriggeredEvent,Abre la pluma inmediatamente y guarda el registro de contingencia (Botón de pánico).,UC-ACC-07: Ejecutar Apertura de Contingencia,Contexto de Notificaciones (UC-NOT-02) / Auditoría
DepartureRegisteredEvent,Notifica al residente que su visita se ha retirado y cierra el ciclo de vida del acceso.,UC-ACC-08: Registrar Salida / UC-ACC-20: Salida Manual,Contexto de Notificaciones (UC-NOT-03)
ParkingSpaceReleasedEvent,Incrementa la disponibilidad en el aforo sumando un espacio si la visita consumía lugar.,UC-ACC-08: Registrar Salida / UC-ACC-20: Salida Manual,Contexto de Comunidad
InvitationExpiredEvent,Invalida códigos no utilizados transicionándolos a EXPIRED tras cruzar la ventana de gracia.,UC-ACC-09: Invalidar Invitaciones Expiradas,Analítica y Auditoría
OfflineDepartureRegisteredEvent,Activa el relé de salida offline y encola el registro para sincronización diferida.,UC-ACC-10: Registrar Salida Offline,Adaptador de Hardware IoT
OfflineAccessGrantedEvent,Activa el relé de entrada offline y encola el registro para sincronización diferida.,UC-ACC-11: Validar Acceso Offline,Adaptador de Hardware IoT
EmergencyOverrideResolvedEvent,Actualiza inmutablemente el estado del evento original en el AuditLog tras justificarse la emergencia.,UC-ACC-12: Justificar Contingencia Pendiente,Contexto de Auditoría
HardwareHeartbeatReceivedEvent,Informa al sistema global que las tablets están en línea operando.,UC-ACC-13: Sincronizar Estado Operativo Global,Telemetría y Dashboard
InvitationContactUpdatedEvent,Notifica la mutación de la dirección de contacto para que el motor reaccione reenviando el pase.,UC-ACC-14: Actualizar Contacto de Invitación,Contexto de Notificaciones (UC-NOT-04)
InvitationResendRequestedEvent,Viaja con el payload completo recuperado de base de datos para ejecutar el envío físico del pase.,UC-ACC-15: Solicitar Reenvío de Invitación,Contexto de Notificaciones (UC-NOT-06)
UserIdentityRegisteredEvent,Confirma que una identidad externa autenticada (ej. vía Firebase) ha sido mapeada a un acta de nacimiento interna (globalUserId).,UC-IAM-01: Registrar Identidad Externa,Contexto de Comunidad
NewStaffProvisionedEvent,Notifica que se ha dado de alta a un nuevo empleado (administrador o guardia) en el IdP y se espera que acepte la invitación.,UC-IAM-02: Provisionar Nueva Cuenta de Personal,Contexto de Notificaciones
ExistingStaffAssignedEvent,Notifica la actualización exitosa de los permisos de un empleado existente asignándole acceso a una nueva comunidad.,UC-IAM-03: Asignar Comunidad a Personal Existente,Contexto de Notificaciones
SessionRevokedEvent,Deja un rastro de auditoría de seguridad indicando cuándo y por qué la sesión de un usuario fue terminada (manual, inactividad o fin de turno).,UC-IAM-04: Revocar Sesión,Contexto de Auditoría / AuditLog
ResidentNotificationDispatchedEvent,Confirma que el proveedor externo (FCM/Apple) aceptó la solicitud de entrega de alerta Push.,UC-NOT-01: Notificar Acceso a Residente,Contexto de Auditoría / Telemetría
CriticalAlertDispatchedEvent,Deje un registro de que el sistema escaló el aviso del botón de pánico exitosamente.,UC-NOT-02: Escalar Alerta de Pánico,Contexto de Auditoría / Seguridad
AccessPassDispatchedEvent,Registra que la invitación fue entregada exitosamente al canal del visitante.,UC-NOT-04: Distribuir Pase de Acceso a Visitante,Contexto de Auditoría
AccessPassDeliveryFailedEvent,Evento Crítico: Indica que el correo rebotó o el número de WhatsApp no existe. Esto gatilla reglas de seguridad para dar de baja la invitación huérfana.,UC-NOT-04: Distribuir Pase de Acceso a Visitante,Contexto de Accesos (UC-ACC-22)
CancellationNoticeDispatchedEvent,Confirma que se notificó la revocación al usuario externo.,UC-NOT-05: Notificar Cancelación de Pase,Contexto de Auditoría
AccessPassResendDispatchedEvent,Confirma el éxito en la solicitud de reenvío manual.,UC-NOT-06: Procesar Reenvío Manual de Pase,Contexto de Auditoría
AdminAlertDispatchedEvent,Registro técnico de que el administrador recibió el correo operativo (ej. suspensión).,UC-NOT-07: Despachar Alerta Administrativa,Contexto de Auditoría
