Nombre_Comando,Caso_De_Uso_Receptor,Contexto_Receptor,Caso_De_Uso_Origen
ProvisionCommunityCommand,UC-SUS-01,Suscripción,[PENDIENTE_POR_DOCUMENTAR]
GetCommunitiesQuery,UC-SUS-02,Suscripción,[PENDIENTE_POR_DOCUMENTAR]
GetCommunityDetailQuery,UC-SUS-03,Suscripción,[PENDIENTE_POR_DOCUMENTAR]
RegisterManualPaymentCommand,UC-SUS-04,Suscripción,[PENDIENTE_POR_DOCUMENTAR]
GrantGracePeriodCommand,UC-SUS-05,Suscripción,[PENDIENTE_POR_DOCUMENTAR]
GetMyBillingProfileQuery,UC-SUS-09,Suscripción,[PENDIENTE_POR_DOCUMENTAR]
UpdateCommunityProfileCommand,UC-SUS-10,Suscripción,[PENDIENTE_POR_DOCUMENTAR]
SuspendSubscriptionCommand,UC-SUS-11,Suscripción,[PENDIENTE_POR_DOCUMENTAR]
ActivateScheduledCommunityCommand,UC-SUS-12,Suscripción,[PENDIENTE_POR_DOCUMENTAR]
GetManualPaymentReferenceQuery,UC-SUS-13,Suscripción,[PENDIENTE_POR_DOCUMENTAR]
CancelSubscriptionCommand,UC-SUS-14,Suscripción,[PENDIENTE_POR_DOCUMENTAR]
DispatchAccessAlertCommand,UC-NOT-01,Notificaciones,[PENDIENTE_POR_DOCUMENTAR]
DispatchCriticalAlertCommand,UC-NOT-02,Notificaciones,[PENDIENTE_POR_DOCUMENTAR]
DispatchExitAlertCommand,UC-NOT-03,Notificaciones,[PENDIENTE_POR_DOCUMENTAR]
DistributeAccessPassCommand,UC-NOT-04,Notificaciones,[PENDIENTE_POR_DOCUMENTAR]
DistributeAccessPassCancellationCommand,UC-NOT-05,Notificaciones,[PENDIENTE_POR_DOCUMENTAR]
DispatchAccessPassResendCommand,UC-NOT-06,Notificaciones,[PENDIENTE_POR_DOCUMENTAR]
DispatchStatusChangeCommand,UC-NOT-07,Notificaciones,[PENDIENTE_POR_DOCUMENTAR]
RegisterExternalIdentityCommand,UC-IAM-01,Seguridad,[PENDIENTE_POR_DOCUMENTAR]
ProvisionNewStaffAccountCommand,UC-IAM-02,Seguridad,[PENDIENTE_POR_DOCUMENTAR]
AssignCommunityToStaffCommand,UC-IAM-03,Seguridad,[PENDIENTE_POR_DOCUMENTAR]
RevokeSessionCommand,UC-IAM-04,Seguridad,[PENDIENTE_POR_DOCUMENTAR]
ConfigureCommunityCommand,UC-COM-01,Comunidad,[PENDIENTE_POR_DOCUMENTAR]
RegisterHouseModelCommand,UC-COM-02,Comunidad,[PENDIENTE_POR_DOCUMENTAR]
RegisterHouseCommand,UC-COM-03,Comunidad,[PENDIENTE_POR_DOCUMENTAR]
AssignPrimaryResidentCommand,UC-COM-04,Comunidad,[PENDIENTE_POR_DOCUMENTAR]
RegisterSecondaryResidentCommand,UC-COM-05,Comunidad,[PENDIENTE_POR_DOCUMENTAR]
RemoveResidentCommand,UC-COM-06,Comunidad,[PENDIENTE_POR_DOCUMENTAR]
ChangeHouseOperationalStatusCommand,UC-COM-07,Comunidad,[PENDIENTE_POR_DOCUMENTAR]
GenerateHouseBlockCommand,UC-COM-08,Comunidad,[PENDIENTE_POR_DOCUMENTAR]
InitializeCommunityCommand,UC-COM-09,Comunidad,[PENDIENTE_POR_DOCUMENTAR]
RevealVisitorIdentityCommand,UC-COM-10,Comunidad,[PENDIENTE_POR_DOCUMENTAR]
GenerateInvitationCommand,UC-ACC-01,Control de Accesos,[PENDIENTE_POR_DOCUMENTAR]
CancelInvitationCommand,UC-ACC-02,Control de Accesos,[PENDIENTE_POR_DOCUMENTAR]
UpdateInvitationContactCommand,UC-ACC-14,Control de Accesos,[PENDIENTE_POR_DOCUMENTAR]
RequestInvitationResendCommand,UC-ACC-15,Control de Accesos,[PENDIENTE_POR_DOCUMENTAR]
GetActiveInvitationsQuery,UC-ACC-16,Control de Accesos,[PENDIENTE_POR_DOCUMENTAR]
GetInvitationDetailQuery,UC-ACC-17,Control de Accesos,[PENDIENTE_POR_DOCUMENTAR]
GetInvitationHistoryQuery,UC-ACC-18,Control de Accesos,[PENDIENTE_POR_DOCUMENTAR]
RegisterOnlineEntryCommand,UC-ACC-03,Control de Accesos,[PENDIENTE_POR_DOCUMENTAR]
GetValidTokensForTodayQuery,UC-ACC-04,Control de Accesos,[PENDIENTE_POR_DOCUMENTAR]
SyncDeferredAccessesCommand,UC-ACC-05,Control de Accesos,[PENDIENTE_POR_DOCUMENTAR]
RegisterUnscheduledVisitCommand,UC-ACC-06,Control de Accesos,[PENDIENTE_POR_DOCUMENTAR]
TriggerEmergencyOverrideCommand,UC-ACC-07,Control de Accesos,[PENDIENTE_POR_DOCUMENTAR]
RegisterManualDepartureCommand,UC-ACC-20,Control de Accesos,[PENDIENTE_POR_DOCUMENTAR]
ResolveEmergencyOverrideCommand,UC-ACC-12,Control de Accesos,[PENDIENTE_POR_DOCUMENTAR]
RegisterDepartureCommand,UC-ACC-08,Control de Accesos,[PENDIENTE_POR_DOCUMENTAR]
ExpirePendingInvitationsCommand,UC-ACC-09,Control de Accesos,[PENDIENTE_POR_DOCUMENTAR]
RegisterOfflineDepartureCommand,UC-ACC-10,Control de Accesos,[PENDIENTE_POR_DOCUMENTAR]
ValidateOfflineTokenCommand,UC-ACC-11,Control de Accesos,[PENDIENTE_POR_DOCUMENTAR]
SendHeartbeatCommand,UC-ACC-13,Control de Accesos,[PENDIENTE_POR_DOCUMENTAR]
InitializeAccessEnvironmentCommand,UC-ACC-19,Control de Accesos,[PENDIENTE_POR_DOCUMENTAR]
SyncHouseSuspensionCommand,UC-ACC-21,Control de Accesos,[PENDIENTE_POR_DOCUMENTAR]
HandleDeliveryFailureCommand,UC-ACC-22,Control de Accesos,[PENDIENTE_POR_DOCUMENTAR]
