Mensaje,Tipo,Caso de uso Receptor,Módulo Receptor,Actor documentado,Entrada documentada,Texto de entrada documentado,Evento origen documentado,Texto origen documentado,Caso de uso Emisor documentado,Qué falta,Decisión pendiente
ProvisionCommunityCommand,Command,UC-SUS-01: Aprovisionar Nuevo Fraccionamiento,Suscripción,`SystemAdmin` (Personal interno de Axolote Solutions operando desde el panel de administración global).,Comando de Entrada,`ProvisionCommunityCommand`,NO_DOCUMENTADO,NO_DOCUMENTADO,NO_DOCUMENTADO,CASO_DE_USO_EMISOR_NO_DOCUMENTADO,"Definir posteriormente si el emisor será un caso de uso frontend, backend, hardware, scheduler, callback externo u otro."
GetCommunitiesQuery,Query,UC-SUS-02: Consultar Directorio de Fraccionamientos,Suscripción,`SystemAdmin` (Personal interno de Axolote Solutions operando desde el panel de administración global).,Consulta de Entrada,`GetCommunitiesQuery`,NO_DOCUMENTADO,NO_DOCUMENTADO,NO_DOCUMENTADO,CASO_DE_USO_EMISOR_NO_DOCUMENTADO,"Definir posteriormente si el emisor será un caso de uso frontend, backend, hardware, scheduler, callback externo u otro."
GetCommunityDetailQuery,Query,UC-SUS-03: Consultar Detalle y Estado de Cuenta de Fraccionamiento,Suscripción,`SystemAdmin` (Personal interno de Axolote Solutions operando desde el panel de administración global).,Consulta de Entrada,`GetCommunityDetailQuery`,NO_DOCUMENTADO,NO_DOCUMENTADO,NO_DOCUMENTADO,CASO_DE_USO_EMISOR_NO_DOCUMENTADO,"Definir posteriormente si el emisor será un caso de uso frontend, backend, hardware, scheduler, callback externo u otro."
RegisterManualPaymentCommand,Command,UC-SUS-04: Registrar Pago Manual,Suscripción,`SystemAdmin` (Personal interno de Axolote Solutions operando desde el panel de administración global).,Comando de Entrada,`RegisterManualPaymentCommand`,NO_DOCUMENTADO,NO_DOCUMENTADO,NO_DOCUMENTADO,CASO_DE_USO_EMISOR_NO_DOCUMENTADO,"Definir posteriormente si el emisor será un caso de uso frontend, backend, hardware, scheduler, callback externo u otro."
GrantGracePeriodCommand,Command,UC-SUS-05: Reactivación Manual / Extensión de Gracia,Suscripción,`SystemAdmin` (Personal interno de Axolote Solutions).,Comando de Entrada,`GrantGracePeriodCommand`,NO_DOCUMENTADO,NO_DOCUMENTADO,NO_DOCUMENTADO,CASO_DE_USO_EMISOR_NO_DOCUMENTADO,"Definir posteriormente si el emisor será un caso de uso frontend, backend, hardware, scheduler, callback externo u otro."
GetMyBillingProfileQuery,Query,UC-SUS-09: Consultar Mi Estado de Facturación,Suscripción,`CommunityAdmin` (Administrador del fraccionamiento operando desde su portal web o app móvil).,Consulta de Entrada,`GetMyBillingProfileQuery`,NO_DOCUMENTADO,NO_DOCUMENTADO,NO_DOCUMENTADO,CASO_DE_USO_EMISOR_NO_DOCUMENTADO,"Definir posteriormente si el emisor será un caso de uso frontend, backend, hardware, scheduler, callback externo u otro."
UpdateCommunityProfileCommand,Command,UC-SUS-10: Actualizar Datos Administrativos de Fraccionamiento,Suscripción,`SystemAdmin` (Personal interno de Axolote Solutions operando desde el panel global).,Comando de Entrada,`UpdateCommunityProfileCommand`,NO_DOCUMENTADO,NO_DOCUMENTADO,NO_DOCUMENTADO,CASO_DE_USO_EMISOR_NO_DOCUMENTADO,"Definir posteriormente si el emisor será un caso de uso frontend, backend, hardware, scheduler, callback externo u otro."
SuspendSubscriptionCommand,Command,UC-SUS-11: Suspender Suscripción por Morosidad,Suscripción,`System` (Ejecutado automáticamente por un proceso en segundo plano / Cron Job diario) o `SystemAdmin` (Ejecución manual preventiva).,Comando de Entrada,`SuspendSubscriptionCommand`,NO_DOCUMENTADO,NO_DOCUMENTADO,NO_DOCUMENTADO,CASO_DE_USO_EMISOR_NO_DOCUMENTADO,"Definir posteriormente si el emisor será un caso de uso frontend, backend, hardware, scheduler, callback externo u otro."
ActivateScheduledCommunityCommand,Command,UC-SUS-12: Activar Comunidad Programada,Suscripción,`System` (Ejecutado automáticamente por un proceso en segundo plano / Cron Job diario).,Comando de Entrada,`ActivateScheduledCommunityCommand`,NO_DOCUMENTADO,NO_DOCUMENTADO,NO_DOCUMENTADO,CASO_DE_USO_EMISOR_NO_DOCUMENTADO,"Definir posteriormente si el emisor será un caso de uso frontend, backend, hardware, scheduler, callback externo u otro."
GetManualPaymentReferenceQuery,Query,UC-SUS-13: Consultar Referencia de Pago Manual,Suscripción,`CommunityAdmin` (Administrador del fraccionamiento operando desde su portal web).,Consulta de Entrada,`GetManualPaymentReferenceQuery`,NO_DOCUMENTADO,NO_DOCUMENTADO,NO_DOCUMENTADO,CASO_DE_USO_EMISOR_NO_DOCUMENTADO,"Definir posteriormente si el emisor será un caso de uso frontend, backend, hardware, scheduler, callback externo u otro."
CancelSubscriptionCommand,Command,UC-SUS-14: Cancelar / Dar de Baja Fraccionamiento,Suscripción,`SystemAdmin` (Personal interno de Axolote Solutions).,Comando de Entrada,`CancelSubscriptionCommand`,NO_DOCUMENTADO,NO_DOCUMENTADO,NO_DOCUMENTADO,CASO_DE_USO_EMISOR_NO_DOCUMENTADO,"Definir posteriormente si el emisor será un caso de uso frontend, backend, hardware, scheduler, callback externo u otro."
ConfigureCommunityCommand,Command,UC-COM-01: Configurar Reglas de Comunidad,Gestión de Comunidad,"`CommunityAdmin` (Administrador del fraccionamiento, operando desde el panel web de gestión).",Comando de Entrada,`ConfigureCommunityCommand`,NO_DOCUMENTADO,NO_DOCUMENTADO,NO_DOCUMENTADO,CASO_DE_USO_EMISOR_NO_DOCUMENTADO,"Definir posteriormente si el emisor será un caso de uso frontend, backend, hardware, scheduler, callback externo u otro."
RegisterHouseModelCommand,Command,UC-COM-02: Registrar Modelo de Propiedad,Gestión de Comunidad,`CommunityAdmin` (Administrador del fraccionamiento).,Comando de Entrada,`RegisterHouseModelCommand`,NO_DOCUMENTADO,NO_DOCUMENTADO,NO_DOCUMENTADO,CASO_DE_USO_EMISOR_NO_DOCUMENTADO,"Definir posteriormente si el emisor será un caso de uso frontend, backend, hardware, scheduler, callback externo u otro."
RegisterHouseCommand,Command,UC-COM-03: Registrar Unidad Privativa,Gestión de Comunidad,`CommunityAdmin` (Administrador del fraccionamiento).,Comando de Entrada,`RegisterHouseCommand`,NO_DOCUMENTADO,NO_DOCUMENTADO,NO_DOCUMENTADO,CASO_DE_USO_EMISOR_NO_DOCUMENTADO,"Definir posteriormente si el emisor será un caso de uso frontend, backend, hardware, scheduler, callback externo u otro."
AssignPrimaryResidentCommand,Command,UC-COM-04: Asignar Residente Principal,Gestión de Comunidad,`CommunityAdmin` (Administrador del fraccionamiento).,Comando de Entrada,`AssignPrimaryResidentCommand`,NO_DOCUMENTADO,NO_DOCUMENTADO,NO_DOCUMENTADO,CASO_DE_USO_EMISOR_NO_DOCUMENTADO,"Definir posteriormente si el emisor será un caso de uso frontend, backend, hardware, scheduler, callback externo u otro."
RegisterSecondaryResidentCommand,Command,UC-COM-05: Registrar Residente Secundario,Gestión de Comunidad,`PrimaryResident` (App Móvil) o `CommunityAdmin` (Panel Web).,Comando de Entrada,`RegisterSecondaryResidentCommand`,NO_DOCUMENTADO,NO_DOCUMENTADO,NO_DOCUMENTADO,CASO_DE_USO_EMISOR_NO_DOCUMENTADO,"Definir posteriormente si el emisor será un caso de uso frontend, backend, hardware, scheduler, callback externo u otro."
RemoveResidentCommand,Command,UC-COM-06: Remover Residente,Gestión de Comunidad,`CommunityAdmin` (Panel Web) o `PrimaryResident` (App Móvil).,Comando de Entrada,`RemoveResidentCommand`,NO_DOCUMENTADO,NO_DOCUMENTADO,NO_DOCUMENTADO,CASO_DE_USO_EMISOR_NO_DOCUMENTADO,"Definir posteriormente si el emisor será un caso de uso frontend, backend, hardware, scheduler, callback externo u otro."
ChangeHouseOperationalStatusCommand,Command,UC-COM-07: Modificar Estado Operativo de Unidad Privativa,Gestión de Comunidad,`CommunityAdmin` (Panel Web).,Comando de Entrada,`ChangeHouseOperationalStatusCommand`,NO_DOCUMENTADO,NO_DOCUMENTADO,NO_DOCUMENTADO,CASO_DE_USO_EMISOR_NO_DOCUMENTADO,"Definir posteriormente si el emisor será un caso de uso frontend, backend, hardware, scheduler, callback externo u otro."
GenerateHouseBlockCommand,Command,UC-COM-08: Generar Bloque de Unidades Privativas,Gestión de Comunidad,`CommunityAdmin` (Panel Web).,Comando de Entrada,`GenerateHouseBlockCommand`,NO_DOCUMENTADO,NO_DOCUMENTADO,NO_DOCUMENTADO,CASO_DE_USO_EMISOR_NO_DOCUMENTADO,"Definir posteriormente si el emisor será un caso de uso frontend, backend, hardware, scheduler, callback externo u otro."
RevealVisitorIdentityCommand,Command,UC-COM-10: Auditar Identidad de Visitante (Break-Glass Flow),Gestión de Comunidad,"`CommunityAdmin` (Administrador del fraccionamiento, operando desde el panel web de gestión).",Comando de Entrada,`RevealVisitorIdentityCommand`,NO_DOCUMENTADO,NO_DOCUMENTADO,NO_DOCUMENTADO,CASO_DE_USO_EMISOR_NO_DOCUMENTADO,"Definir posteriormente si el emisor será un caso de uso frontend, backend, hardware, scheduler, callback externo u otro."
GenerateInvitationCommand,Command,UC-ACC-01: Generar Invitación de Acceso,Control de Acceso,`PrimaryResident` o `SecondaryResident` (operando desde la App Móvil o Web).,Comando de Entrada,"`GenerateInvitationCommand` (`residentId`, `houseId`, `guestName`, `visitType` [PEDESTRIAN, VEHICLE, RIDE_HAILING, DELIVERY], `licensePlate` [Opcional], `vehicleDescription` [Opcional], `scheduledDate`, `estimatedArrivalTime`).",NO_DOCUMENTADO,NO_DOCUMENTADO,NO_DOCUMENTADO,CASO_DE_USO_EMISOR_NO_DOCUMENTADO,"Definir posteriormente si el emisor será un caso de uso frontend, backend, hardware, scheduler, callback externo u otro."
CancelInvitationCommand,Command,UC-ACC-02: Cancelar Invitación,Control de Acceso,`PrimaryResident` o `SecondaryResident`.,Comando de Entrada,"`CancelInvitationCommand` (`invitationId`, `residentId`).",NO_DOCUMENTADO,NO_DOCUMENTADO,NO_DOCUMENTADO,CASO_DE_USO_EMISOR_NO_DOCUMENTADO,"Definir posteriormente si el emisor será un caso de uso frontend, backend, hardware, scheduler, callback externo u otro."
UpdateInvitationContactCommand,Command,UC-ACC-14: Actualizar Contacto de Invitación,Control de Acceso,Residente (A través de la aplicación móvil).,Comando de Entrada,`UpdateInvitationContactCommand`,NO_DOCUMENTADO,NO_DOCUMENTADO,NO_DOCUMENTADO,CASO_DE_USO_EMISOR_NO_DOCUMENTADO,"Definir posteriormente si el emisor será un caso de uso frontend, backend, hardware, scheduler, callback externo u otro."
RequestInvitationResendCommand,Command,UC-ACC-15: Solicitar Reenvío de Invitación,Control de Acceso,Residente (A través de la aplicación móvil).,Comando de Entrada,`RequestInvitationResendCommand`,NO_DOCUMENTADO,NO_DOCUMENTADO,NO_DOCUMENTADO,CASO_DE_USO_EMISOR_NO_DOCUMENTADO,"Definir posteriormente si el emisor será un caso de uso frontend, backend, hardware, scheduler, callback externo u otro."
GetActiveInvitationsQuery,Query,UC-ACC-16: Consultar Mis Invitaciones Activas,Control de Acceso,`PrimaryResident` o `SecondaryResident` (operando desde la App Móvil o Web).,Consulta de Entrada,"`GetActiveInvitationsQuery` (`residentId`, `limit` [ej. 20], `offset`).",NO_DOCUMENTADO,NO_DOCUMENTADO,NO_DOCUMENTADO,CASO_DE_USO_EMISOR_NO_DOCUMENTADO,"Definir posteriormente si el emisor será un caso de uso frontend, backend, hardware, scheduler, callback externo u otro."
GetInvitationDetailQuery,Query,UC-ACC-17: Consultar Detalle de Invitación,Control de Acceso,`PrimaryResident` o `SecondaryResident` (operando desde la App Móvil o Web).,Consulta de Entrada,"`GetInvitationDetailQuery` (`invitationId`, `residentId`).",NO_DOCUMENTADO,NO_DOCUMENTADO,NO_DOCUMENTADO,CASO_DE_USO_EMISOR_NO_DOCUMENTADO,"Definir posteriormente si el emisor será un caso de uso frontend, backend, hardware, scheduler, callback externo u otro."
GetInvitationHistoryQuery,Query,UC-ACC-18: Consultar Historial de Invitaciones,Control de Acceso,`PrimaryResident` o `SecondaryResident` (operando desde la App Móvil o Web).,Consulta de Entrada,`GetInvitationHistoryQuery`,NO_DOCUMENTADO,NO_DOCUMENTADO,NO_DOCUMENTADO,CASO_DE_USO_EMISOR_NO_DOCUMENTADO,"Definir posteriormente si el emisor será un caso de uso frontend, backend, hardware, scheduler, callback externo u otro."
RegisterOnlineEntryCommand,Command,UC-ACC-03: Registrar Entrada Online,Control de Acceso,`KioskApp` (Hardware en carril de entrada).,Comando de Entrada,"`RegisterOnlineEntryCommand` (`tokenPayload`, `kioskId`).",NO_DOCUMENTADO,NO_DOCUMENTADO,NO_DOCUMENTADO,CASO_DE_USO_EMISOR_NO_DOCUMENTADO,"Definir posteriormente si el emisor será un caso de uso frontend, backend, hardware, scheduler, callback externo u otro."
GetValidTokensForTodayQuery,Query,UC-ACC-04: Sincronizar Caché Offline,Control de Acceso,`KioskApp` (Proceso en segundo plano / Tarea programada).,Consulta de Entrada,"`GetValidTokensForTodayQuery` (`communityId`, `currentDate`).",NO_DOCUMENTADO,NO_DOCUMENTADO,NO_DOCUMENTADO,CASO_DE_USO_EMISOR_NO_DOCUMENTADO,"Definir posteriormente si el emisor será un caso de uso frontend, backend, hardware, scheduler, callback externo u otro."
SyncDeferredAccessesCommand,Command,UC-ACC-05: Procesar Eventos Diferidos,Control de Acceso,`KioskApp` (Proceso automático al recuperar conexión de red).,Comando de Entrada,"`SyncDeferredAccessesCommand` (Lista de `DeferredAccessDTO`: `invitationId`, `type` [ENTRY / EXIT], `exactTimestamp`, `uniqueEventId` [UUID generado en la tablet]).",NO_DOCUMENTADO,NO_DOCUMENTADO,NO_DOCUMENTADO,CASO_DE_USO_EMISOR_NO_DOCUMENTADO,"Definir posteriormente si el emisor será un caso de uso frontend, backend, hardware, scheduler, callback externo u otro."
RegisterUnscheduledVisitCommand,Command,UC-ACC-06: Registrar Llegada Sorpresa,Control de Acceso,`SecurityGuard` (operando desde la `GuardConsole` en caseta).,Comando de Entrada,"`RegisterUnscheduledVisitCommand` (`houseId`, `guestName`, `visitType` [PEDESTRIAN, VEHICLE, RIDE_HAILING, DELIVERY], `licensePlate` [Opcional], `vehicleDescription` [Opcional], `guardId`, `reason` [String libre, ej. ""Entrega Amazon""]).",NO_DOCUMENTADO,NO_DOCUMENTADO,NO_DOCUMENTADO,CASO_DE_USO_EMISOR_NO_DOCUMENTADO,"Definir posteriormente si el emisor será un caso de uso frontend, backend, hardware, scheduler, callback externo u otro."
TriggerEmergencyOverrideCommand,Command,UC-ACC-07: Ejecutar Apertura de Contingencia,Control de Acceso,`SecurityGuard` (operando desde la `GuardConsole`).,Comandos de Entrada (Flujo Desacoplado),"1. `TriggerEmergencyOverrideCommand` (`guardId`, `gateDirection` [ENTRY, EXIT, BOTH]). -> *Abre la barrera inmediatamente y encola la tarea.*",NO_DOCUMENTADO,NO_DOCUMENTADO,NO_DOCUMENTADO,CASO_DE_USO_EMISOR_NO_DOCUMENTADO,"Definir posteriormente si el emisor será un caso de uso frontend, backend, hardware, scheduler, callback externo u otro."
RegisterManualDepartureCommand,Command,UC-ACC-20: Registrar Salida Manual desde Consola,Control de Acceso,`SecurityGuard` (operando desde la `GuardConsole` en caseta).,Comando de Entrada,"`RegisterManualDepartureCommand` (`invitationId`, `guardId`).",NO_DOCUMENTADO,NO_DOCUMENTADO,NO_DOCUMENTADO,CASO_DE_USO_EMISOR_NO_DOCUMENTADO,"Definir posteriormente si el emisor será un caso de uso frontend, backend, hardware, scheduler, callback externo u otro."
ResolveEmergencyOverrideCommand,Command,UC-ACC-12: Justificar Contingencia Pendiente,Control de Acceso,`SecurityGuard` (operando desde la `GuardConsole`).,Comando de Entrada,"`ResolveEmergencyOverrideCommand` (`overrideEventId`, `overrideType` [MEDICAL_EMERGENCY, POLICE, FIRE_DEPARTMENT, HARDWARE_FAILURE, OTHER], `mandatoryJustification` [Texto libre, ej. ""Ambulancia Cruz Roja placas XYZ""]).",NO_DOCUMENTADO,NO_DOCUMENTADO,NO_DOCUMENTADO,CASO_DE_USO_EMISOR_NO_DOCUMENTADO,"Definir posteriormente si el emisor será un caso de uso frontend, backend, hardware, scheduler, callback externo u otro."
RegisterDepartureCommand,Command,UC-ACC-08: Registrar Salida de Visitante,Control de Acceso,`KioskApp` (Hardware en carril de salida) o `GuardConsole` (Escaneo manual).,Comando de Entrada,"`RegisterDepartureCommand` (`tokenPayload`, `kioskId`).",NO_DOCUMENTADO,NO_DOCUMENTADO,NO_DOCUMENTADO,CASO_DE_USO_EMISOR_NO_DOCUMENTADO,"Definir posteriormente si el emisor será un caso de uso frontend, backend, hardware, scheduler, callback externo u otro."
ExpirePendingInvitationsCommand,Command,UC-ACC-09: Invalidar Invitaciones Expiradas,Control de Acceso,`System` (Proceso automático en segundo plano / *Cron Job*).,Comando de Entrada,Ninguno a nivel de usuario. Se dispara internamente mediante un `ExpirePendingInvitationsCommand` (idealmente inyectando la `targetDate` para hacerlo idempotente y fácil de probar).,NO_DOCUMENTADO,NO_DOCUMENTADO,NO_DOCUMENTADO,CASO_DE_USO_EMISOR_NO_DOCUMENTADO,"Definir posteriormente si el emisor será un caso de uso frontend, backend, hardware, scheduler, callback externo u otro."
RegisterOfflineDepartureCommand,Command,UC-ACC-10: Registrar Salida Offline,Control de Acceso,`KioskApp` (Hardware en carril de salida operando sin conexión a la red central).,Comando de Entrada (Local),"`RegisterOfflineDepartureCommand` (`tokenPayload`, `exactTimestamp`).",NO_DOCUMENTADO,NO_DOCUMENTADO,NO_DOCUMENTADO,CASO_DE_USO_EMISOR_NO_DOCUMENTADO,"Definir posteriormente si el emisor será un caso de uso frontend, backend, hardware, scheduler, callback externo u otro."
ValidateOfflineTokenCommand,Command,UC-ACC-11: Validar Acceso Offline (Contingencia de Entrada / `ValidateTokenOfflineUseCase`),Control de Acceso,`KioskApp` (Hardware en carril de entrada operando sin conexión).,Comando de Entrada (Local),"`ValidateOfflineTokenCommand` (`tokenPayload`, `exactTimestamp`).",NO_DOCUMENTADO,NO_DOCUMENTADO,NO_DOCUMENTADO,CASO_DE_USO_EMISOR_NO_DOCUMENTADO,"Definir posteriormente si el emisor será un caso de uso frontend, backend, hardware, scheduler, callback externo u otro."
SendHeartbeatCommand,Command,UC-ACC-13: Sincronizar Estado Operativo Global (Heartbeat / `SyncOperationalStatusUseCase`),Control de Acceso,`KioskApp` y `GuardConsole` (Proceso de sistema en segundo plano).,Comando de Entrada,"`SendHeartbeatCommand` (`kioskId` / `guardConsoleId`, `hardwareStatus` [OK, LOW_MEMORY, PRINTER_ERROR]).",NO_DOCUMENTADO,NO_DOCUMENTADO,NO_DOCUMENTADO,CASO_DE_USO_EMISOR_NO_DOCUMENTADO,"Definir posteriormente si el emisor será un caso de uso frontend, backend, hardware, scheduler, callback externo u otro."
RegisterExternalIdentityCommand,Command,UC-IAM-01: Registrar Identidad Externa,Seguridad / IAM,Sistema (Invocado automáticamente por el backend).,Comando de Entrada,`RegisterExternalIdentityCommand`,NO_DOCUMENTADO,NO_DOCUMENTADO,NO_DOCUMENTADO,CASO_DE_USO_EMISOR_NO_DOCUMENTADO,"Definir posteriormente si el emisor será un caso de uso frontend, backend, hardware, scheduler, callback externo u otro."
ProvisionNewStaffAccountCommand,Command,UC-IAM-02: Provisionar Nueva Cuenta de Personal,Seguridad / IAM,`SystemAdmin` (para crear Administradores) o `CommunityAdmin` (para crear Guardias).,Comando de Entrada,`ProvisionNewStaffAccountCommand`,NO_DOCUMENTADO,NO_DOCUMENTADO,NO_DOCUMENTADO,CASO_DE_USO_EMISOR_NO_DOCUMENTADO,"Definir posteriormente si el emisor será un caso de uso frontend, backend, hardware, scheduler, callback externo u otro."
AssignCommunityToStaffCommand,Command,UC-IAM-03: Asignar Comunidad a Personal Existente,Seguridad / IAM,`SystemAdmin`.,Comando de Entrada,`AssignCommunityToStaffCommand`,NO_DOCUMENTADO,NO_DOCUMENTADO,NO_DOCUMENTADO,CASO_DE_USO_EMISOR_NO_DOCUMENTADO,"Definir posteriormente si el emisor será un caso de uso frontend, backend, hardware, scheduler, callback externo u otro."
RevokeSessionCommand,Command,UC-IAM-04: Revocar Sesión,Seguridad / IAM,Cualquier usuario autenticado (Acción manual) o el Sistema (Acción automática por inactividad o fin de turno).,Comando de Entrada,`RevokeSessionCommand`,NO_DOCUMENTADO,NO_DOCUMENTADO,NO_DOCUMENTADO,CASO_DE_USO_EMISOR_NO_DOCUMENTADO,"Definir posteriormente si el emisor será un caso de uso frontend, backend, hardware, scheduler, callback externo u otro."
