Mensaje,Tipo,Problema,Caso de uso Emisor documentado,Caso de uso Receptor documentado,Módulo Emisor documentado,Módulo Receptor documentado,Base documental,Qué falta
SubscriptionPeriodExtendedEvent,Event,DISPARADO_SIN_RECEPTOR_DOCUMENTADO,UC-SUS-04: Registrar Pago Manual,NO_DOCUMENTADO,Suscripción,NO_DOCUMENTADO,Emisor: * `SubscriptionPeriodExtendedEvent`: Se dispara siempre que el registro del pago sea exitoso para notificar la nueva vigencia financiera. | Receptor: NO_DOCUMENTADO,EMISOR_O_RECEPTOR_DE_EVENTO_NO_DOCUMENTADO
SubscriptionReactivatedEvent,Event,DISPARADO_SIN_RECEPTOR_DOCUMENTADO,UC-SUS-04: Registrar Pago Manual,NO_DOCUMENTADO,Suscripción,NO_DOCUMENTADO,Emisor: * `SubscriptionReactivatedEvent`: Se dispara **únicamente** si el estado previo de la comunidad era `SUSPENDED` y la nueva `paidThroughDate` resultante es estrictamente mayor a la fecha actual (`NOW`). | Receptor: NO_DOCUMENTADO,EMISOR_O_RECEPTOR_DE_EVENTO_NO_DOCUMENTADO
SubscriptionReactivatedEvent,Event,DISPARADO_SIN_RECEPTOR_DOCUMENTADO,UC-SUS-05: Reactivación Manual / Extensión de Gracia,NO_DOCUMENTADO,Suscripción,NO_DOCUMENTADO,Emisor: * `SubscriptionReactivatedEvent` (Interceptado por el contexto de Accesos para levantar el Blackout y permitir que las plumas vuelvan a funcionar de inmediato). | Receptor: NO_DOCUMENTADO,EMISOR_O_RECEPTOR_DE_EVENTO_NO_DOCUMENTADO
GracePeriodGrantedEvent,Event,DISPARADO_SIN_RECEPTOR_DOCUMENTADO,UC-SUS-05: Reactivación Manual / Extensión de Gracia,NO_DOCUMENTADO,Suscripción,NO_DOCUMENTADO,Emisor: * `GracePeriodGrantedEvent` (Registra en auditoría la acción excepcional para futuras revisiones). | Receptor: NO_DOCUMENTADO,EMISOR_O_RECEPTOR_DE_EVENTO_NO_DOCUMENTADO
CommunityProfileUpdatedEvent,Event,DISPARADO_SIN_RECEPTOR_DOCUMENTADO,UC-SUS-10: Actualizar Datos Administrativos de Fraccionamiento,NO_DOCUMENTADO,Suscripción,NO_DOCUMENTADO,Emisor: * `CommunityProfileUpdatedEvent` (Interceptado por el Contexto de Comunidad para sincronizar el nombre corregido en la interfaz de los residentes). | Receptor: NO_DOCUMENTADO,EMISOR_O_RECEPTOR_DE_EVENTO_NO_DOCUMENTADO
SubscriptionSuspendedEvent,Event,DISPARADO_SIN_RECEPTOR_DOCUMENTADO,UC-SUS-11: Suspender Suscripción por Morosidad,NO_DOCUMENTADO,Suscripción,NO_DOCUMENTADO,"Emisor: * `SubscriptionSuspendedEvent` (Este es el evento crítico que aplica el ""castigo"" comercial): | Receptor: NO_DOCUMENTADO",EMISOR_O_RECEPTOR_DE_EVENTO_NO_DOCUMENTADO
CommunityOperationsStartedEvent,Event,DISPARADO_SIN_RECEPTOR_DOCUMENTADO,UC-SUS-12: Activar Comunidad Programada,NO_DOCUMENTADO,Suscripción,NO_DOCUMENTADO,Emisor: * `CommunityOperationsStartedEvent`: (Evento crucial que notifica al Contexto de Accesos y de Comunidad que este fraccionamiento ya está legal y financieramente autorizado para comenzar a operar las casetas y utilizar el panel web). | Receptor: NO_DOCUMENTADO,EMISOR_O_RECEPTOR_DE_EVENTO_NO_DOCUMENTADO
SubscriptionCanceledEvent,Event,DISPARADO_SIN_RECEPTOR_DOCUMENTADO,UC-SUS-14: Cancelar / Dar de Baja Fraccionamiento,NO_DOCUMENTADO,Suscripción,NO_DOCUMENTADO,Emisor: * `SubscriptionCanceledEvent` (Interceptado por todos los demás contextos: *Accesos* bloquea el funcionamiento de casetas; *Comunidad* congela el panel administrativo; *IAM* **invalida obligatoriamente** todas las sesiones activas y tokens de acceso de los usuarios pertenecientes a dicho fraccionamiento). | Receptor: NO_DOCUMENTADO,EMISOR_O_RECEPTOR_DE_EVENTO_NO_DOCUMENTADO
HouseModelRegisteredEvent,Event,DISPARADO_SIN_RECEPTOR_DOCUMENTADO,UC-COM-02: Registrar Modelo de Propiedad,NO_DOCUMENTADO,Gestión de Comunidad,NO_DOCUMENTADO,Emisor: * **Eventos Disparados:** `HouseModelRegisteredEvent`. | Receptor: NO_DOCUMENTADO,EMISOR_O_RECEPTOR_DE_EVENTO_NO_DOCUMENTADO
HouseRegisteredEvent,Event,DISPARADO_SIN_RECEPTOR_DOCUMENTADO,UC-COM-03: Registrar Unidad Privativa,NO_DOCUMENTADO,Gestión de Comunidad,NO_DOCUMENTADO,Emisor: * **Eventos Disparados:** `HouseRegisteredEvent` (Contiene la firma del `performerId` para el log de auditoría). | Receptor: NO_DOCUMENTADO,EMISOR_O_RECEPTOR_DE_EVENTO_NO_DOCUMENTADO
HouseRegisteredEvent,Event,DISPARADO_SIN_RECEPTOR_DOCUMENTADO,UC-COM-08: Generar Bloque de Unidades Privativas,NO_DOCUMENTADO,Gestión de Comunidad,NO_DOCUMENTADO,Emisor: * **Eventos Disparados:** `HouseRegisteredEvent` (El sistema despachará un evento individual por cada casa creada exitosamente dentro del bloque para mantener la atomicidad en el log de auditoría). | Receptor: NO_DOCUMENTADO,EMISOR_O_RECEPTOR_DE_EVENTO_NO_DOCUMENTADO
PrimaryResidentAssignedEvent,Event,DISPARADO_SIN_RECEPTOR_DOCUMENTADO,UC-COM-04: Asignar Residente Principal,NO_DOCUMENTADO,Gestión de Comunidad,NO_DOCUMENTADO,Emisor: * **Eventos Disparados:** `PrimaryResidentAssignedEvent`. | Receptor: NO_DOCUMENTADO,EMISOR_O_RECEPTOR_DE_EVENTO_NO_DOCUMENTADO
SecondaryResidentRegisteredEvent,Event,DISPARADO_SIN_RECEPTOR_DOCUMENTADO,UC-COM-05: Registrar Residente Secundario,NO_DOCUMENTADO,Gestión de Comunidad,NO_DOCUMENTADO,Emisor: * **Eventos Disparados:** `SecondaryResidentRegisteredEvent`. | Receptor: NO_DOCUMENTADO,EMISOR_O_RECEPTOR_DE_EVENTO_NO_DOCUMENTADO
ResidentRemovedEvent,Event,DISPARADO_SIN_RECEPTOR_DOCUMENTADO,UC-COM-06: Remover Residente,NO_DOCUMENTADO,Gestión de Comunidad,NO_DOCUMENTADO,"Emisor: * **Eventos Disparados:** `ResidentRemovedEvent` (Crítico: El Contexto de Accesos debe escuchar este evento para cancelar automáticamente todas las invitaciones futuras generadas por este usuario, y el Contexto IAM para revocar sus tokens de sesión activa. *Nota sobre la emisión:* En caso de una remoción en cascada (RN-COM-06.2), el sistema emitirá eventos individuales independientes por cada usuario secundario removido, además del primario. Esto garantiza que los contextos consumidores no necesiten conocer la jerarquía de la casa para procesar las bajas). | Receptor: NO_DOCUMENTADO",EMISOR_O_RECEPTOR_DE_EVENTO_NO_DOCUMENTADO
HouseSuspendedNotificationEvent,Event,DISPARADO_SIN_RECEPTOR_DOCUMENTADO,UC-COM-07: Modificar Estado Operativo de Unidad Privativa,NO_DOCUMENTADO,Gestión de Comunidad,NO_DOCUMENTADO,"Emisor: * `HouseSuspendedNotificationEvent` (Capturado por el adaptador móvil para enviar una alerta Push al residente: ""Su unidad ha sido suspendida administrativamente. Sus accesos han sido revocados""). | Receptor: NO_DOCUMENTADO",EMISOR_O_RECEPTOR_DE_EVENTO_NO_DOCUMENTADO
PrivacyOverrideAuditedEvent,Event,DISPARADO_SIN_RECEPTOR_DOCUMENTADO,UC-COM-10: Auditar Identidad de Visitante (Break-Glass Flow),NO_DOCUMENTADO,Gestión de Comunidad,NO_DOCUMENTADO,Emisor: * `PrivacyOverrideAuditedEvent`: Registra de forma permanente en la bitácora global que el administrador rompió el protocolo de privacidad para ese registro específico y guarda su justificación. | Receptor: NO_DOCUMENTADO,EMISOR_O_RECEPTOR_DE_EVENTO_NO_DOCUMENTADO
AccessDeniedEvent,Event,DISPARADO_SIN_RECEPTOR_DOCUMENTADO,UC-ACC-03: Registrar Entrada Online,NO_DOCUMENTADO,Control de Acceso,NO_DOCUMENTADO,Emisor: * `AccessDeniedEvent` (Se registra el intento fallido en el `AuditLog` por motivos de seguridad). | Receptor: NO_DOCUMENTADO,EMISOR_O_RECEPTOR_DE_EVENTO_NO_DOCUMENTADO
DeferredAccessesProcessedEvent,Event,DISPARADO_SIN_RECEPTOR_DOCUMENTADO,UC-ACC-05: Procesar Eventos Diferidos,NO_DOCUMENTADO,Control de Acceso,NO_DOCUMENTADO,Emisor: * `DeferredAccessesProcessedEvent` (Ajusta el aforo global del fraccionamiento). | Receptor: NO_DOCUMENTADO,EMISOR_O_RECEPTOR_DE_EVENTO_NO_DOCUMENTADO
OfflineOverrideAlertEvent,Event,DISPARADO_SIN_RECEPTOR_DOCUMENTADO,UC-ACC-05: Procesar Eventos Diferidos,NO_DOCUMENTADO,Control de Acceso,NO_DOCUMENTADO,Emisor: * `OfflineOverrideAlertEvent` (Condicional: Se dispara únicamente si el sistema detecta que un visitante ingresó físicamente usando un código que ya había sido cancelado en la nube. Detona una comunicación de transparencia hacia el residente). | Receptor: NO_DOCUMENTADO,EMISOR_O_RECEPTOR_DE_EVENTO_NO_DOCUMENTADO
ManualAccessGrantedEvent,Event,DISPARADO_SIN_RECEPTOR_DOCUMENTADO,UC-ACC-06: Registrar Llegada Sorpresa,NO_DOCUMENTADO,Control de Acceso,NO_DOCUMENTADO,Emisor: * `ManualAccessGrantedEvent` (La `GuardConsole` lo envía a la `KioskApp` vía red local o API para abrir la barrera física). | Receptor: NO_DOCUMENTADO,EMISOR_O_RECEPTOR_DE_EVENTO_NO_DOCUMENTADO
ManualAccessGrantedEvent,Event,DISPARADO_SIN_RECEPTOR_DOCUMENTADO,UC-ACC-20: Registrar Salida Manual desde Consola,NO_DOCUMENTADO,Control de Acceso,NO_DOCUMENTADO,Emisor: * `ManualAccessGrantedEvent` (Comando a nivel de hardware para levantar la pluma de salida). | Receptor: NO_DOCUMENTADO,EMISOR_O_RECEPTOR_DE_EVENTO_NO_DOCUMENTADO
ParkingSpaceReservedEvent,Event,DISPARADO_SIN_RECEPTOR_DOCUMENTADO,UC-ACC-06: Registrar Llegada Sorpresa,NO_DOCUMENTADO,Control de Acceso,NO_DOCUMENTADO,"Emisor: * `ParkingSpaceReservedEvent` (Actualiza el contador global de aforo, condicionado a que el `visitType` consuma espacio según la RN-06.2). | Receptor: NO_DOCUMENTADO",EMISOR_O_RECEPTOR_DE_EVENTO_NO_DOCUMENTADO
ParkingSpaceReleasedEvent,Event,DISPARADO_SIN_RECEPTOR_DOCUMENTADO,UC-ACC-20: Registrar Salida Manual desde Consola,NO_DOCUMENTADO,Control de Acceso,NO_DOCUMENTADO,"Emisor: * `ParkingSpaceReleasedEvent` (Suma +1 al aforo, condicionado a que el `visitType` original haya consumido espacio). | Receptor: NO_DOCUMENTADO",EMISOR_O_RECEPTOR_DE_EVENTO_NO_DOCUMENTADO
ParkingSpaceReleasedEvent,Event,DISPARADO_SIN_RECEPTOR_DOCUMENTADO,UC-ACC-08: Registrar Salida de Visitante,NO_DOCUMENTADO,Control de Acceso,NO_DOCUMENTADO,"Emisor: * `ParkingSpaceReleasedEvent` (Incrementa en 1 la disponibilidad en el contador de aforo del fraccionamiento, **únicamente** si el `visitType` original consumía espacio). | Receptor: NO_DOCUMENTADO",EMISOR_O_RECEPTOR_DE_EVENTO_NO_DOCUMENTADO
EmergencyOverrideResolvedEvent,Event,DISPARADO_SIN_RECEPTOR_DOCUMENTADO,UC-ACC-12: Justificar Contingencia Pendiente,NO_DOCUMENTADO,Control de Acceso,NO_DOCUMENTADO,"Emisor: * **Eventos Disparados:** `EmergencyOverrideResolvedEvent` (Actualiza el estado del evento original en el `AuditLog` inmutable y, opcionalmente, dispara un reporte consolidado o alerta mitigada al `CommunityAdmin`). | Receptor: NO_DOCUMENTADO",EMISOR_O_RECEPTOR_DE_EVENTO_NO_DOCUMENTADO
InvitationExpiredEvent,Event,DISPARADO_SIN_RECEPTOR_DOCUMENTADO,UC-ACC-09: Invalidar Invitaciones Expiradas,NO_DOCUMENTADO,Control de Acceso,NO_DOCUMENTADO,"Emisor: * **Eventos Disparados:** `InvitationExpiredEvent` (Principalmente para analítica del administrador. Por UX, **no** se envía notificación Push al residente ni al visitante para evitar *spam* en la madrugada). | Receptor: NO_DOCUMENTADO",EMISOR_O_RECEPTOR_DE_EVENTO_NO_DOCUMENTADO
OfflineDepartureRegisteredEvent,Event,DISPARADO_SIN_RECEPTOR_DOCUMENTADO,UC-ACC-10: Registrar Salida Offline,NO_DOCUMENTADO,Control de Acceso,NO_DOCUMENTADO,Emisor: * **Eventos Disparados (Local):** `OfflineDepartureRegisteredEvent` (Activa el relé de la pluma y encola internamente un registro `DeferredAccessDTO` [Tipo: EXIT] con un UUID único). | Receptor: NO_DOCUMENTADO,EMISOR_O_RECEPTOR_DE_EVENTO_NO_DOCUMENTADO
OfflineAccessGrantedEvent,Event,DISPARADO_SIN_RECEPTOR_DOCUMENTADO,UC-ACC-11: Validar Acceso Offline (Contingencia de Entrada / `ValidateTokenOfflineUseCase`),NO_DOCUMENTADO,Control de Acceso,NO_DOCUMENTADO,Emisor: * **Eventos Disparados (Local):** `OfflineAccessGrantedEvent` (Activa el relé de la pluma de entrada y encola internamente un registro `DeferredAccessDTO` [Tipo: ENTRY] con un UUID único). | Receptor: NO_DOCUMENTADO,EMISOR_O_RECEPTOR_DE_EVENTO_NO_DOCUMENTADO
HardwareHeartbeatReceivedEvent,Event,DISPARADO_SIN_RECEPTOR_DOCUMENTADO,UC-ACC-13: Sincronizar Estado Operativo Global (Heartbeat / `SyncOperationalStatusUseCase`),NO_DOCUMENTADO,Control de Acceso,NO_DOCUMENTADO,"Emisor: * **Eventos Disparados:** `HardwareHeartbeatReceivedEvent` (Para que el panel de Axolote Solutions sepa que las tablets de Oaxaca, por ejemplo, están en línea). | Receptor: NO_DOCUMENTADO",EMISOR_O_RECEPTOR_DE_EVENTO_NO_DOCUMENTADO
UserIdentityRegisteredEvent,Event,DISPARADO_SIN_RECEPTOR_DOCUMENTADO,UC-IAM-01: Registrar Identidad Externa,NO_DOCUMENTADO,Seguridad / IAM,NO_DOCUMENTADO,Emisor: * **Eventos Disparados:** `UserIdentityRegisteredEvent`. | Receptor: NO_DOCUMENTADO,EMISOR_O_RECEPTOR_DE_EVENTO_NO_DOCUMENTADO
NewStaffProvisionedEvent,Event,DISPARADO_SIN_RECEPTOR_DOCUMENTADO,UC-IAM-02: Provisionar Nueva Cuenta de Personal,NO_DOCUMENTADO,Seguridad / IAM,NO_DOCUMENTADO,Emisor: * **Eventos Disparados:** `NewStaffProvisionedEvent`. | Receptor: NO_DOCUMENTADO,EMISOR_O_RECEPTOR_DE_EVENTO_NO_DOCUMENTADO
ExistingStaffAssignedEvent,Event,DISPARADO_SIN_RECEPTOR_DOCUMENTADO,UC-IAM-03: Asignar Comunidad a Personal Existente,NO_DOCUMENTADO,Seguridad / IAM,NO_DOCUMENTADO,Emisor: * **Eventos Disparados:** `ExistingStaffAssignedEvent`. | Receptor: NO_DOCUMENTADO,EMISOR_O_RECEPTOR_DE_EVENTO_NO_DOCUMENTADO
SessionRevokedEvent,Event,DISPARADO_SIN_RECEPTOR_DOCUMENTADO,UC-IAM-04: Revocar Sesión,NO_DOCUMENTADO,Seguridad / IAM,NO_DOCUMENTADO,Emisor: * **Eventos Disparados:** `SessionRevokedEvent` (Para registros de auditoría de seguridad). | Receptor: NO_DOCUMENTADO,EMISOR_O_RECEPTOR_DE_EVENTO_NO_DOCUMENTADO
PushNotificationDispatchedEvent,Event,DISPARADO_SIN_RECEPTOR_DOCUMENTADO,UC-NOT-01: Notificar Acceso a Residente,NO_DOCUMENTADO,Notificaciones,NO_DOCUMENTADO,Emisor: * **Eventos Disparados:** `PushNotificationDispatchedEvent` o `PushNotificationFailedEvent`. | Receptor: NO_DOCUMENTADO,EMISOR_O_RECEPTOR_DE_EVENTO_NO_DOCUMENTADO
PushNotificationFailedEvent,Event,DISPARADO_SIN_RECEPTOR_DOCUMENTADO,UC-NOT-01: Notificar Acceso a Residente,NO_DOCUMENTADO,Notificaciones,NO_DOCUMENTADO,Emisor: * **Eventos Disparados:** `PushNotificationDispatchedEvent` o `PushNotificationFailedEvent`. | Receptor: NO_DOCUMENTADO,EMISOR_O_RECEPTOR_DE_EVENTO_NO_DOCUMENTADO
CriticalAlertDispatchedEvent,Event,DISPARADO_SIN_RECEPTOR_DOCUMENTADO,UC-NOT-02: Despachar Alerta Crítica de Seguridad,NO_DOCUMENTADO,Notificaciones,NO_DOCUMENTADO,Emisor: * **Eventos Disparados:** `CriticalAlertDispatchedEvent` (Para el registro inmutable en el Contexto de Auditoría). | Receptor: NO_DOCUMENTADO,EMISOR_O_RECEPTOR_DE_EVENTO_NO_DOCUMENTADO
ExitPushDispatchedEvent,Event,DISPARADO_SIN_RECEPTOR_DOCUMENTADO,UC-NOT-03: Notificar Salida a Residente,NO_DOCUMENTADO,Notificaciones,NO_DOCUMENTADO,Emisor: * **Eventos Disparados:** `ExitPushDispatchedEvent`. | Receptor: NO_DOCUMENTADO,EMISOR_O_RECEPTOR_DE_EVENTO_NO_DOCUMENTADO
AccessPassDispatchedEvent,Event,DISPARADO_SIN_RECEPTOR_DOCUMENTADO,UC-NOT-04: Distribuir Pase de Acceso a Visitante,NO_DOCUMENTADO,Notificaciones,NO_DOCUMENTADO,Emisor: * **Eventos Disparados:** `AccessPassDispatchedEvent` o `AccessPassDeliveryFailedEvent`. | Receptor: NO_DOCUMENTADO,EMISOR_O_RECEPTOR_DE_EVENTO_NO_DOCUMENTADO
CancellationPassDispatchedEvent,Event,DISPARADO_SIN_RECEPTOR_DOCUMENTADO,UC-NOT-05: Notificar Cancelación de Pase de Acceso,NO_DOCUMENTADO,Notificaciones,NO_DOCUMENTADO,Emisor: * **Eventos Disparados:** `CancellationPassDispatchedEvent`. | Receptor: NO_DOCUMENTADO,EMISOR_O_RECEPTOR_DE_EVENTO_NO_DOCUMENTADO
AccessPassResendDispatchedEvent,Event,DISPARADO_SIN_RECEPTOR_DOCUMENTADO,UC-NOT-06: Despachar Reenvío de Pase de Acceso,NO_DOCUMENTADO,Notificaciones,NO_DOCUMENTADO,Emisor: * **Eventos Disparados:** `AccessPassResendDispatchedEvent` o `AccessPassResendFailedEvent`. | Receptor: NO_DOCUMENTADO,EMISOR_O_RECEPTOR_DE_EVENTO_NO_DOCUMENTADO
AccessPassResendFailedEvent,Event,DISPARADO_SIN_RECEPTOR_DOCUMENTADO,UC-NOT-06: Despachar Reenvío de Pase de Acceso,NO_DOCUMENTADO,Notificaciones,NO_DOCUMENTADO,Emisor: * **Eventos Disparados:** `AccessPassResendDispatchedEvent` o `AccessPassResendFailedEvent`. | Receptor: NO_DOCUMENTADO,EMISOR_O_RECEPTOR_DE_EVENTO_NO_DOCUMENTADO
ProvisionCommunityCommand,Command,COMANDO_O_QUERY_SIN_CASO_USO_EMISOR_DOCUMENTADO,NO_DOCUMENTADO,UC-SUS-01: Aprovisionar Nuevo Fraccionamiento,NO_DOCUMENTADO,Suscripción,`ProvisionCommunityCommand`,CASO_DE_USO_EMISOR_NO_DOCUMENTADO
GetCommunitiesQuery,Query,COMANDO_O_QUERY_SIN_CASO_USO_EMISOR_DOCUMENTADO,NO_DOCUMENTADO,UC-SUS-02: Consultar Directorio de Fraccionamientos,NO_DOCUMENTADO,Suscripción,`GetCommunitiesQuery`,CASO_DE_USO_EMISOR_NO_DOCUMENTADO
GetCommunityDetailQuery,Query,COMANDO_O_QUERY_SIN_CASO_USO_EMISOR_DOCUMENTADO,NO_DOCUMENTADO,UC-SUS-03: Consultar Detalle y Estado de Cuenta de Fraccionamiento,NO_DOCUMENTADO,Suscripción,`GetCommunityDetailQuery`,CASO_DE_USO_EMISOR_NO_DOCUMENTADO
RegisterManualPaymentCommand,Command,COMANDO_O_QUERY_SIN_CASO_USO_EMISOR_DOCUMENTADO,NO_DOCUMENTADO,UC-SUS-04: Registrar Pago Manual,NO_DOCUMENTADO,Suscripción,`RegisterManualPaymentCommand`,CASO_DE_USO_EMISOR_NO_DOCUMENTADO
GrantGracePeriodCommand,Command,COMANDO_O_QUERY_SIN_CASO_USO_EMISOR_DOCUMENTADO,NO_DOCUMENTADO,UC-SUS-05: Reactivación Manual / Extensión de Gracia,NO_DOCUMENTADO,Suscripción,`GrantGracePeriodCommand`,CASO_DE_USO_EMISOR_NO_DOCUMENTADO
GetMyBillingProfileQuery,Query,COMANDO_O_QUERY_SIN_CASO_USO_EMISOR_DOCUMENTADO,NO_DOCUMENTADO,UC-SUS-09: Consultar Mi Estado de Facturación,NO_DOCUMENTADO,Suscripción,`GetMyBillingProfileQuery`,CASO_DE_USO_EMISOR_NO_DOCUMENTADO
UpdateCommunityProfileCommand,Command,COMANDO_O_QUERY_SIN_CASO_USO_EMISOR_DOCUMENTADO,NO_DOCUMENTADO,UC-SUS-10: Actualizar Datos Administrativos de Fraccionamiento,NO_DOCUMENTADO,Suscripción,`UpdateCommunityProfileCommand`,CASO_DE_USO_EMISOR_NO_DOCUMENTADO
SuspendSubscriptionCommand,Command,COMANDO_O_QUERY_SIN_CASO_USO_EMISOR_DOCUMENTADO,NO_DOCUMENTADO,UC-SUS-11: Suspender Suscripción por Morosidad,NO_DOCUMENTADO,Suscripción,`SuspendSubscriptionCommand`,CASO_DE_USO_EMISOR_NO_DOCUMENTADO
ActivateScheduledCommunityCommand,Command,COMANDO_O_QUERY_SIN_CASO_USO_EMISOR_DOCUMENTADO,NO_DOCUMENTADO,UC-SUS-12: Activar Comunidad Programada,NO_DOCUMENTADO,Suscripción,`ActivateScheduledCommunityCommand`,CASO_DE_USO_EMISOR_NO_DOCUMENTADO
GetManualPaymentReferenceQuery,Query,COMANDO_O_QUERY_SIN_CASO_USO_EMISOR_DOCUMENTADO,NO_DOCUMENTADO,UC-SUS-13: Consultar Referencia de Pago Manual,NO_DOCUMENTADO,Suscripción,`GetManualPaymentReferenceQuery`,CASO_DE_USO_EMISOR_NO_DOCUMENTADO
CancelSubscriptionCommand,Command,COMANDO_O_QUERY_SIN_CASO_USO_EMISOR_DOCUMENTADO,NO_DOCUMENTADO,UC-SUS-14: Cancelar / Dar de Baja Fraccionamiento,NO_DOCUMENTADO,Suscripción,`CancelSubscriptionCommand`,CASO_DE_USO_EMISOR_NO_DOCUMENTADO
ConfigureCommunityCommand,Command,COMANDO_O_QUERY_SIN_CASO_USO_EMISOR_DOCUMENTADO,NO_DOCUMENTADO,UC-COM-01: Configurar Reglas de Comunidad,NO_DOCUMENTADO,Gestión de Comunidad,`ConfigureCommunityCommand`,CASO_DE_USO_EMISOR_NO_DOCUMENTADO
RegisterHouseModelCommand,Command,COMANDO_O_QUERY_SIN_CASO_USO_EMISOR_DOCUMENTADO,NO_DOCUMENTADO,UC-COM-02: Registrar Modelo de Propiedad,NO_DOCUMENTADO,Gestión de Comunidad,`RegisterHouseModelCommand`,CASO_DE_USO_EMISOR_NO_DOCUMENTADO
RegisterHouseCommand,Command,COMANDO_O_QUERY_SIN_CASO_USO_EMISOR_DOCUMENTADO,NO_DOCUMENTADO,UC-COM-03: Registrar Unidad Privativa,NO_DOCUMENTADO,Gestión de Comunidad,`RegisterHouseCommand`,CASO_DE_USO_EMISOR_NO_DOCUMENTADO
AssignPrimaryResidentCommand,Command,COMANDO_O_QUERY_SIN_CASO_USO_EMISOR_DOCUMENTADO,NO_DOCUMENTADO,UC-COM-04: Asignar Residente Principal,NO_DOCUMENTADO,Gestión de Comunidad,`AssignPrimaryResidentCommand`,CASO_DE_USO_EMISOR_NO_DOCUMENTADO
RegisterSecondaryResidentCommand,Command,COMANDO_O_QUERY_SIN_CASO_USO_EMISOR_DOCUMENTADO,NO_DOCUMENTADO,UC-COM-05: Registrar Residente Secundario,NO_DOCUMENTADO,Gestión de Comunidad,`RegisterSecondaryResidentCommand`,CASO_DE_USO_EMISOR_NO_DOCUMENTADO
RemoveResidentCommand,Command,COMANDO_O_QUERY_SIN_CASO_USO_EMISOR_DOCUMENTADO,NO_DOCUMENTADO,UC-COM-06: Remover Residente,NO_DOCUMENTADO,Gestión de Comunidad,`RemoveResidentCommand`,CASO_DE_USO_EMISOR_NO_DOCUMENTADO
ChangeHouseOperationalStatusCommand,Command,COMANDO_O_QUERY_SIN_CASO_USO_EMISOR_DOCUMENTADO,NO_DOCUMENTADO,UC-COM-07: Modificar Estado Operativo de Unidad Privativa,NO_DOCUMENTADO,Gestión de Comunidad,`ChangeHouseOperationalStatusCommand`,CASO_DE_USO_EMISOR_NO_DOCUMENTADO
GenerateHouseBlockCommand,Command,COMANDO_O_QUERY_SIN_CASO_USO_EMISOR_DOCUMENTADO,NO_DOCUMENTADO,UC-COM-08: Generar Bloque de Unidades Privativas,NO_DOCUMENTADO,Gestión de Comunidad,`GenerateHouseBlockCommand`,CASO_DE_USO_EMISOR_NO_DOCUMENTADO
RevealVisitorIdentityCommand,Command,COMANDO_O_QUERY_SIN_CASO_USO_EMISOR_DOCUMENTADO,NO_DOCUMENTADO,UC-COM-10: Auditar Identidad de Visitante (Break-Glass Flow),NO_DOCUMENTADO,Gestión de Comunidad,`RevealVisitorIdentityCommand`,CASO_DE_USO_EMISOR_NO_DOCUMENTADO
GenerateInvitationCommand,Command,COMANDO_O_QUERY_SIN_CASO_USO_EMISOR_DOCUMENTADO,NO_DOCUMENTADO,UC-ACC-01: Generar Invitación de Acceso,NO_DOCUMENTADO,Control de Acceso,"`GenerateInvitationCommand` (`residentId`, `houseId`, `guestName`, `visitType` [PEDESTRIAN, VEHICLE, RIDE_HAILING, DELIVERY], `licensePlate` [Opcional], `vehicleDescription` [Opcional], `scheduledDate`, `estimatedArrivalTime`).",CASO_DE_USO_EMISOR_NO_DOCUMENTADO
CancelInvitationCommand,Command,COMANDO_O_QUERY_SIN_CASO_USO_EMISOR_DOCUMENTADO,NO_DOCUMENTADO,UC-ACC-02: Cancelar Invitación,NO_DOCUMENTADO,Control de Acceso,"`CancelInvitationCommand` (`invitationId`, `residentId`).",CASO_DE_USO_EMISOR_NO_DOCUMENTADO
UpdateInvitationContactCommand,Command,COMANDO_O_QUERY_SIN_CASO_USO_EMISOR_DOCUMENTADO,NO_DOCUMENTADO,UC-ACC-14: Actualizar Contacto de Invitación,NO_DOCUMENTADO,Control de Acceso,`UpdateInvitationContactCommand`,CASO_DE_USO_EMISOR_NO_DOCUMENTADO
RequestInvitationResendCommand,Command,COMANDO_O_QUERY_SIN_CASO_USO_EMISOR_DOCUMENTADO,NO_DOCUMENTADO,UC-ACC-15: Solicitar Reenvío de Invitación,NO_DOCUMENTADO,Control de Acceso,`RequestInvitationResendCommand`,CASO_DE_USO_EMISOR_NO_DOCUMENTADO
GetActiveInvitationsQuery,Query,COMANDO_O_QUERY_SIN_CASO_USO_EMISOR_DOCUMENTADO,NO_DOCUMENTADO,UC-ACC-16: Consultar Mis Invitaciones Activas,NO_DOCUMENTADO,Control de Acceso,"`GetActiveInvitationsQuery` (`residentId`, `limit` [ej. 20], `offset`).",CASO_DE_USO_EMISOR_NO_DOCUMENTADO
GetInvitationDetailQuery,Query,COMANDO_O_QUERY_SIN_CASO_USO_EMISOR_DOCUMENTADO,NO_DOCUMENTADO,UC-ACC-17: Consultar Detalle de Invitación,NO_DOCUMENTADO,Control de Acceso,"`GetInvitationDetailQuery` (`invitationId`, `residentId`).",CASO_DE_USO_EMISOR_NO_DOCUMENTADO
GetInvitationHistoryQuery,Query,COMANDO_O_QUERY_SIN_CASO_USO_EMISOR_DOCUMENTADO,NO_DOCUMENTADO,UC-ACC-18: Consultar Historial de Invitaciones,NO_DOCUMENTADO,Control de Acceso,`GetInvitationHistoryQuery`,CASO_DE_USO_EMISOR_NO_DOCUMENTADO
RegisterOnlineEntryCommand,Command,COMANDO_O_QUERY_SIN_CASO_USO_EMISOR_DOCUMENTADO,NO_DOCUMENTADO,UC-ACC-03: Registrar Entrada Online,NO_DOCUMENTADO,Control de Acceso,"`RegisterOnlineEntryCommand` (`tokenPayload`, `kioskId`).",CASO_DE_USO_EMISOR_NO_DOCUMENTADO
GetValidTokensForTodayQuery,Query,COMANDO_O_QUERY_SIN_CASO_USO_EMISOR_DOCUMENTADO,NO_DOCUMENTADO,UC-ACC-04: Sincronizar Caché Offline,NO_DOCUMENTADO,Control de Acceso,"`GetValidTokensForTodayQuery` (`communityId`, `currentDate`).",CASO_DE_USO_EMISOR_NO_DOCUMENTADO
SyncDeferredAccessesCommand,Command,COMANDO_O_QUERY_SIN_CASO_USO_EMISOR_DOCUMENTADO,NO_DOCUMENTADO,UC-ACC-05: Procesar Eventos Diferidos,NO_DOCUMENTADO,Control de Acceso,"`SyncDeferredAccessesCommand` (Lista de `DeferredAccessDTO`: `invitationId`, `type` [ENTRY / EXIT], `exactTimestamp`, `uniqueEventId` [UUID generado en la tablet]).",CASO_DE_USO_EMISOR_NO_DOCUMENTADO
RegisterUnscheduledVisitCommand,Command,COMANDO_O_QUERY_SIN_CASO_USO_EMISOR_DOCUMENTADO,NO_DOCUMENTADO,UC-ACC-06: Registrar Llegada Sorpresa,NO_DOCUMENTADO,Control de Acceso,"`RegisterUnscheduledVisitCommand` (`houseId`, `guestName`, `visitType` [PEDESTRIAN, VEHICLE, RIDE_HAILING, DELIVERY], `licensePlate` [Opcional], `vehicleDescription` [Opcional], `guardId`, `reason` [String libre, ej. ""Entrega Amazon""]).",CASO_DE_USO_EMISOR_NO_DOCUMENTADO
TriggerEmergencyOverrideCommand,Command,COMANDO_O_QUERY_SIN_CASO_USO_EMISOR_DOCUMENTADO,NO_DOCUMENTADO,UC-ACC-07: Ejecutar Apertura de Contingencia,NO_DOCUMENTADO,Control de Acceso,"1. `TriggerEmergencyOverrideCommand` (`guardId`, `gateDirection` [ENTRY, EXIT, BOTH]). -> *Abre la barrera inmediatamente y encola la tarea.*",CASO_DE_USO_EMISOR_NO_DOCUMENTADO
RegisterManualDepartureCommand,Command,COMANDO_O_QUERY_SIN_CASO_USO_EMISOR_DOCUMENTADO,NO_DOCUMENTADO,UC-ACC-20: Registrar Salida Manual desde Consola,NO_DOCUMENTADO,Control de Acceso,"`RegisterManualDepartureCommand` (`invitationId`, `guardId`).",CASO_DE_USO_EMISOR_NO_DOCUMENTADO
ResolveEmergencyOverrideCommand,Command,COMANDO_O_QUERY_SIN_CASO_USO_EMISOR_DOCUMENTADO,NO_DOCUMENTADO,UC-ACC-12: Justificar Contingencia Pendiente,NO_DOCUMENTADO,Control de Acceso,"`ResolveEmergencyOverrideCommand` (`overrideEventId`, `overrideType` [MEDICAL_EMERGENCY, POLICE, FIRE_DEPARTMENT, HARDWARE_FAILURE, OTHER], `mandatoryJustification` [Texto libre, ej. ""Ambulancia Cruz Roja placas XYZ""]).",CASO_DE_USO_EMISOR_NO_DOCUMENTADO
RegisterDepartureCommand,Command,COMANDO_O_QUERY_SIN_CASO_USO_EMISOR_DOCUMENTADO,NO_DOCUMENTADO,UC-ACC-08: Registrar Salida de Visitante,NO_DOCUMENTADO,Control de Acceso,"`RegisterDepartureCommand` (`tokenPayload`, `kioskId`).",CASO_DE_USO_EMISOR_NO_DOCUMENTADO
ExpirePendingInvitationsCommand,Command,COMANDO_O_QUERY_SIN_CASO_USO_EMISOR_DOCUMENTADO,NO_DOCUMENTADO,UC-ACC-09: Invalidar Invitaciones Expiradas,NO_DOCUMENTADO,Control de Acceso,Ninguno a nivel de usuario. Se dispara internamente mediante un `ExpirePendingInvitationsCommand` (idealmente inyectando la `targetDate` para hacerlo idempotente y fácil de probar).,CASO_DE_USO_EMISOR_NO_DOCUMENTADO
RegisterOfflineDepartureCommand,Command,COMANDO_O_QUERY_SIN_CASO_USO_EMISOR_DOCUMENTADO,NO_DOCUMENTADO,UC-ACC-10: Registrar Salida Offline,NO_DOCUMENTADO,Control de Acceso,"`RegisterOfflineDepartureCommand` (`tokenPayload`, `exactTimestamp`).",CASO_DE_USO_EMISOR_NO_DOCUMENTADO
ValidateOfflineTokenCommand,Command,COMANDO_O_QUERY_SIN_CASO_USO_EMISOR_DOCUMENTADO,NO_DOCUMENTADO,UC-ACC-11: Validar Acceso Offline (Contingencia de Entrada / `ValidateTokenOfflineUseCase`),NO_DOCUMENTADO,Control de Acceso,"`ValidateOfflineTokenCommand` (`tokenPayload`, `exactTimestamp`).",CASO_DE_USO_EMISOR_NO_DOCUMENTADO
SendHeartbeatCommand,Command,COMANDO_O_QUERY_SIN_CASO_USO_EMISOR_DOCUMENTADO,NO_DOCUMENTADO,UC-ACC-13: Sincronizar Estado Operativo Global (Heartbeat / `SyncOperationalStatusUseCase`),NO_DOCUMENTADO,Control de Acceso,"`SendHeartbeatCommand` (`kioskId` / `guardConsoleId`, `hardwareStatus` [OK, LOW_MEMORY, PRINTER_ERROR]).",CASO_DE_USO_EMISOR_NO_DOCUMENTADO
RegisterExternalIdentityCommand,Command,COMANDO_O_QUERY_SIN_CASO_USO_EMISOR_DOCUMENTADO,NO_DOCUMENTADO,UC-IAM-01: Registrar Identidad Externa,NO_DOCUMENTADO,Seguridad / IAM,`RegisterExternalIdentityCommand`,CASO_DE_USO_EMISOR_NO_DOCUMENTADO
ProvisionNewStaffAccountCommand,Command,COMANDO_O_QUERY_SIN_CASO_USO_EMISOR_DOCUMENTADO,NO_DOCUMENTADO,UC-IAM-02: Provisionar Nueva Cuenta de Personal,NO_DOCUMENTADO,Seguridad / IAM,`ProvisionNewStaffAccountCommand`,CASO_DE_USO_EMISOR_NO_DOCUMENTADO
AssignCommunityToStaffCommand,Command,COMANDO_O_QUERY_SIN_CASO_USO_EMISOR_DOCUMENTADO,NO_DOCUMENTADO,UC-IAM-03: Asignar Comunidad a Personal Existente,NO_DOCUMENTADO,Seguridad / IAM,`AssignCommunityToStaffCommand`,CASO_DE_USO_EMISOR_NO_DOCUMENTADO
RevokeSessionCommand,Command,COMANDO_O_QUERY_SIN_CASO_USO_EMISOR_DOCUMENTADO,NO_DOCUMENTADO,UC-IAM-04: Revocar Sesión,NO_DOCUMENTADO,Seguridad / IAM,`RevokeSessionCommand`,CASO_DE_USO_EMISOR_NO_DOCUMENTADO
