Evento,Caso de uso Receptor,Módulo Receptor,Actor documentado,Texto documentado,Estado
CommunityProvisionedEvent,UC-COM-09: Inicializar Entorno de Comunidad,Gestión de Comunidad,Sistema (Invocado automáticamente por el Bus de Eventos).,"* **Actor:** Sistema (Invocado automáticamente por el Bus de Eventos).
* **Descripción:** Flujo de infraestructura (System-to-System). Reacciona al evento `CommunityProvisionedEvent` emitido por el Contexto de Suscripción. Su objetivo es crear el registro raíz de la comunidad en la base de datos local del Contexto de Comunidad, estableciendo su identificador único y su capacidad máxima inmutable. Sin este paso, el administrador local no tendría un espacio donde empezar a trabajar.
* **Comando de Entrada:** `InitializeCommunityCommand` (Construido a partir del *payload* del evento).",ESCUCHADO_DOCUMENTADO
CommunitySettingsUpdatedEvent,UC-ACC-19: Inicializar Entorno de Caseta (System-to-System),Control de Acceso,Sistema (Invocado automáticamente por el Bus de Eventos).,"* **Actor:** Sistema (Invocado automáticamente por el Bus de Eventos).
* **Descripción:** Flujo de infraestructura reactiva. Al consumir el evento `CommunitySettingsUpdatedEvent` emitido por el Contexto de Comunidad, este caso de uso inicializa las configuraciones operativas requeridas por el motor de accesos. Persiste la zona horaria (`timezone`) para la generación y validación de vigencias, e inicializa el contador de aforo (`ParkingQuota`) para la caseta.
* **Comando de Entrada:** `InitializeAccessEnvironmentCommand` (Construido internamente a partir del *payload* del evento).",ESCUCHADO_DOCUMENTADO
HouseOperationalStatusChangedEvent,UC-ACC-21: Reaccionar a Suspensión de Unidad,Control de Acceso,`System` (Flujo disparado asíncronamente al consumir el `HouseOperationalStatusChangedEvent` desde el bus de mensajes).,"* **Actor:** `System` (Flujo disparado asíncronamente al consumir el `HouseOperationalStatusChangedEvent` desde el bus de mensajes).
* **Comando de Entrada:** `SyncHouseSuspensionCommand` (Construido a partir del payload del evento).",ESCUCHADO_DOCUMENTADO
AccessPassDeliveryFailedEvent,UC-ACC-22: Procesar Fallo de Entrega de Invitación,Control de Acceso,`System` (Flujo asíncrono disparado al consumir el evento `AccessPassDeliveryFailedEvent`).,"* **Actor:** `System` (Flujo asíncrono disparado al consumir el evento `AccessPassDeliveryFailedEvent`).
* **Comando de Entrada:** `HandleDeliveryFailureCommand` (Construido a partir del payload del evento).",ESCUCHADO_DOCUMENTADO
AccessGrantedEvent,UC-NOT-01: Notificar Acceso a Residente,Notificaciones,Sistema (Ejecución asíncrona en respuesta a los eventos `AccessGrantedEvent` o `UnscheduledVisitAlertEvent` del Contexto de Accesos).,* **Actor:** Sistema (Ejecución asíncrona en respuesta a los eventos `AccessGrantedEvent` o `UnscheduledVisitAlertEvent` del Contexto de Accesos).,ESCUCHADO_DOCUMENTADO
UnscheduledVisitAlertEvent,UC-NOT-01: Notificar Acceso a Residente,Notificaciones,Sistema (Ejecución asíncrona en respuesta a los eventos `AccessGrantedEvent` o `UnscheduledVisitAlertEvent` del Contexto de Accesos).,* **Actor:** Sistema (Ejecución asíncrona en respuesta a los eventos `AccessGrantedEvent` o `UnscheduledVisitAlertEvent` del Contexto de Accesos).,ESCUCHADO_DOCUMENTADO
EmergencyOverrideTriggeredEvent,UC-NOT-02: Despachar Alerta Crítica de Seguridad,Notificaciones,Sistema (Ejecución asíncrona y de máxima prioridad en respuesta al evento `EmergencyOverrideTriggeredEvent` del Contexto de Accesos).,* **Actor:** Sistema (Ejecución asíncrona y de máxima prioridad en respuesta al evento `EmergencyOverrideTriggeredEvent` del Contexto de Accesos).,ESCUCHADO_DOCUMENTADO
DepartureRegisteredEvent,UC-NOT-03: Notificar Salida a Residente,Notificaciones,Sistema (Ejecución asíncrona en respuesta al evento `DepartureRegisteredEvent` del Contexto de Accesos).,* **Actor:** Sistema (Ejecución asíncrona en respuesta al evento `DepartureRegisteredEvent` del Contexto de Accesos).,ESCUCHADO_DOCUMENTADO
InvitationContactUpdatedEvent,UC-NOT-04: Distribuir Pase de Acceso a Visitante,Notificaciones,Sistema (Ejecución asíncrona en respuesta a los eventos `InvitationGeneratedEvent` o `InvitationContactUpdatedEvent` del Contexto de Accesos).,* **Actor:** Sistema (Ejecución asíncrona en respuesta a los eventos `InvitationGeneratedEvent` o `InvitationContactUpdatedEvent` del Contexto de Accesos).,ESCUCHADO_DOCUMENTADO
InvitationGeneratedEvent,UC-NOT-04: Distribuir Pase de Acceso a Visitante,Notificaciones,Sistema (Ejecución asíncrona en respuesta a los eventos `InvitationGeneratedEvent` o `InvitationContactUpdatedEvent` del Contexto de Accesos).,* **Actor:** Sistema (Ejecución asíncrona en respuesta a los eventos `InvitationGeneratedEvent` o `InvitationContactUpdatedEvent` del Contexto de Accesos).,ESCUCHADO_DOCUMENTADO
InvitationCanceledEvent,UC-NOT-05: Notificar Cancelación de Pase de Acceso,Notificaciones,Sistema (Ejecución asíncrona en respuesta al evento `InvitationCanceledEvent` del Contexto de Accesos).,* **Actor:** Sistema (Ejecución asíncrona en respuesta al evento `InvitationCanceledEvent` del Contexto de Accesos).,ESCUCHADO_DOCUMENTADO
InvitationResendRequestedEvent,UC-NOT-06: Despachar Reenvío de Pase de Acceso,Notificaciones,"Sistema (Ejecución asíncrona en respuesta a la solicitud manual del residente desde su app, generando el evento `InvitationResendRequestedEvent`).","* **Actor:** Sistema (Ejecución asíncrona en respuesta a la solicitud manual del residente desde su app, generando el evento `InvitationResendRequestedEvent`).",ESCUCHADO_DOCUMENTADO
CommunityProvisionedEvent,UC-COM-09: Inicializar Entorno de Comunidad,Gestión de Comunidad,Sistema (Invocado automáticamente por el Bus de Eventos).,"Mencionado como receptor en evento disparado por UC-SUS-01: Aprovisionar Nuevo Fraccionamiento: * `CommunityProvisionedEvent` (Interceptado por el Contexto de Comunidad para ejecutar el **UC-COM-09: Inicializar Entorno de Comunidad**, el cual crea el registro raíz de la comunidad y fija la capacidad máxima permitida).",ESCUCHADO_DOCUMENTADO_POR_REFERENCIA_EN_EMISOR
CommunityAdminAssignedEvent,UC-IAM-02: Provisionar Nueva Cuenta de Personal,Seguridad / IAM,`SystemAdmin` (para crear Administradores) o `CommunityAdmin` (para crear Guardias).,"Mencionado como receptor en evento disparado por UC-SUS-01: Aprovisionar Nuevo Fraccionamiento: * `CommunityAdminAssignedEvent` (Interceptado por el Contexto IAM para ejecutar el **UC-IAM-02: Provisionar Cuenta de Personal**, el cual orquestará la creación o vinculación en el IdP y disparará el correo de bienvenida).",ESCUCHADO_DOCUMENTADO_POR_REFERENCIA_EN_EMISOR
