Mensaje,Tipo,Caso de uso Receptor,Módulo Receptor,Actor documentado,Entrada documentada,Texto de entrada documentado,Evento origen documentado,Texto origen documentado,Caso de uso Emisor documentado,Estado
ProvisionCommunityCommand,Command,UC-SUS-01: Aprovisionar Nuevo Fraccionamiento,Suscripción,`SystemAdmin` (Personal interno de Axolote Solutions operando desde el panel de administración global).,Comando de Entrada,`ProvisionCommunityCommand`,NO_DOCUMENTADO,NO_DOCUMENTADO,NO_DOCUMENTADO,SIN_CASO_USO_EMISOR_DOCUMENTADO
GetCommunitiesQuery,Query,UC-SUS-02: Consultar Directorio de Fraccionamientos,Suscripción,`SystemAdmin` (Personal interno de Axolote Solutions operando desde el panel de administración global).,Consulta de Entrada,`GetCommunitiesQuery`,NO_DOCUMENTADO,NO_DOCUMENTADO,NO_DOCUMENTADO,SIN_CASO_USO_EMISOR_DOCUMENTADO
GetCommunityDetailQuery,Query,UC-SUS-03: Consultar Detalle y Estado de Cuenta de Fraccionamiento,Suscripción,`SystemAdmin` (Personal interno de Axolote Solutions operando desde el panel de administración global).,Consulta de Entrada,`GetCommunityDetailQuery`,NO_DOCUMENTADO,NO_DOCUMENTADO,NO_DOCUMENTADO,SIN_CASO_USO_EMISOR_DOCUMENTADO
RegisterManualPaymentCommand,Command,UC-SUS-04: Registrar Pago Manual,Suscripción,`SystemAdmin` (Personal interno de Axolote Solutions operando desde el panel de administración global).,Comando de Entrada,`RegisterManualPaymentCommand`,NO_DOCUMENTADO,NO_DOCUMENTADO,NO_DOCUMENTADO,SIN_CASO_USO_EMISOR_DOCUMENTADO
GrantGracePeriodCommand,Command,UC-SUS-05: Reactivación Manual / Extensión de Gracia,Suscripción,`SystemAdmin` (Personal interno de Axolote Solutions).,Comando de Entrada,`GrantGracePeriodCommand`,NO_DOCUMENTADO,NO_DOCUMENTADO,NO_DOCUMENTADO,SIN_CASO_USO_EMISOR_DOCUMENTADO
GetMyBillingProfileQuery,Query,UC-SUS-09: Consultar Mi Estado de Facturación,Suscripción,`CommunityAdmin` (Administrador del fraccionamiento operando desde su portal web o app móvil).,Consulta de Entrada,`GetMyBillingProfileQuery`,NO_DOCUMENTADO,NO_DOCUMENTADO,NO_DOCUMENTADO,SIN_CASO_USO_EMISOR_DOCUMENTADO
UpdateCommunityProfileCommand,Command,UC-SUS-10: Actualizar Datos Administrativos de Fraccionamiento,Suscripción,`SystemAdmin` (Personal interno de Axolote Solutions operando desde el panel global).,Comando de Entrada,`UpdateCommunityProfileCommand`,NO_DOCUMENTADO,NO_DOCUMENTADO,NO_DOCUMENTADO,SIN_CASO_USO_EMISOR_DOCUMENTADO
SuspendSubscriptionCommand,Command,UC-SUS-11: Suspender Suscripción por Morosidad,Suscripción,`System` (Ejecutado automáticamente por un proceso en segundo plano / Cron Job diario) o `SystemAdmin` (Ejecución manual preventiva).,Comando de Entrada,`SuspendSubscriptionCommand`,NO_DOCUMENTADO,NO_DOCUMENTADO,NO_DOCUMENTADO,SIN_CASO_USO_EMISOR_DOCUMENTADO
ActivateScheduledCommunityCommand,Command,UC-SUS-12: Activar Comunidad Programada,Suscripción,`System` (Ejecutado automáticamente por un proceso en segundo plano / Cron Job diario).,Comando de Entrada,`ActivateScheduledCommunityCommand`,NO_DOCUMENTADO,NO_DOCUMENTADO,NO_DOCUMENTADO,SIN_CASO_USO_EMISOR_DOCUMENTADO
GetManualPaymentReferenceQuery,Query,UC-SUS-13: Consultar Referencia de Pago Manual,Suscripción,`CommunityAdmin` (Administrador del fraccionamiento operando desde su portal web).,Consulta de Entrada,`GetManualPaymentReferenceQuery`,NO_DOCUMENTADO,NO_DOCUMENTADO,NO_DOCUMENTADO,SIN_CASO_USO_EMISOR_DOCUMENTADO
CancelSubscriptionCommand,Command,UC-SUS-14: Cancelar / Dar de Baja Fraccionamiento,Suscripción,`SystemAdmin` (Personal interno de Axolote Solutions).,Comando de Entrada,`CancelSubscriptionCommand`,NO_DOCUMENTADO,NO_DOCUMENTADO,NO_DOCUMENTADO,SIN_CASO_USO_EMISOR_DOCUMENTADO
ConfigureCommunityCommand,Command,UC-COM-01: Configurar Reglas de Comunidad,Gestión de Comunidad,"`CommunityAdmin` (Administrador del fraccionamiento, operando desde el panel web de gestión).",Comando de Entrada,`ConfigureCommunityCommand`,NO_DOCUMENTADO,NO_DOCUMENTADO,NO_DOCUMENTADO,SIN_CASO_USO_EMISOR_DOCUMENTADO
RegisterHouseModelCommand,Command,UC-COM-02: Registrar Modelo de Propiedad,Gestión de Comunidad,`CommunityAdmin` (Administrador del fraccionamiento).,Comando de Entrada,`RegisterHouseModelCommand`,NO_DOCUMENTADO,NO_DOCUMENTADO,NO_DOCUMENTADO,SIN_CASO_USO_EMISOR_DOCUMENTADO
RegisterHouseCommand,Command,UC-COM-03: Registrar Unidad Privativa,Gestión de Comunidad,`CommunityAdmin` (Administrador del fraccionamiento).,Comando de Entrada,`RegisterHouseCommand`,NO_DOCUMENTADO,NO_DOCUMENTADO,NO_DOCUMENTADO,SIN_CASO_USO_EMISOR_DOCUMENTADO
AssignPrimaryResidentCommand,Command,UC-COM-04: Asignar Residente Principal,Gestión de Comunidad,`CommunityAdmin` (Administrador del fraccionamiento).,Comando de Entrada,`AssignPrimaryResidentCommand`,NO_DOCUMENTADO,NO_DOCUMENTADO,NO_DOCUMENTADO,SIN_CASO_USO_EMISOR_DOCUMENTADO
RegisterSecondaryResidentCommand,Command,UC-COM-05: Registrar Residente Secundario,Gestión de Comunidad,`PrimaryResident` (App Móvil) o `CommunityAdmin` (Panel Web).,Comando de Entrada,`RegisterSecondaryResidentCommand`,NO_DOCUMENTADO,NO_DOCUMENTADO,NO_DOCUMENTADO,SIN_CASO_USO_EMISOR_DOCUMENTADO
RemoveResidentCommand,Command,UC-COM-06: Remover Residente,Gestión de Comunidad,`CommunityAdmin` (Panel Web) o `PrimaryResident` (App Móvil).,Comando de Entrada,`RemoveResidentCommand`,NO_DOCUMENTADO,NO_DOCUMENTADO,NO_DOCUMENTADO,SIN_CASO_USO_EMISOR_DOCUMENTADO
ChangeHouseOperationalStatusCommand,Command,UC-COM-07: Modificar Estado Operativo de Unidad Privativa,Gestión de Comunidad,`CommunityAdmin` (Panel Web).,Comando de Entrada,`ChangeHouseOperationalStatusCommand`,NO_DOCUMENTADO,NO_DOCUMENTADO,NO_DOCUMENTADO,SIN_CASO_USO_EMISOR_DOCUMENTADO
GenerateHouseBlockCommand,Command,UC-COM-08: Generar Bloque de Unidades Privativas,Gestión de Comunidad,`CommunityAdmin` (Panel Web).,Comando de Entrada,`GenerateHouseBlockCommand`,NO_DOCUMENTADO,NO_DOCUMENTADO,NO_DOCUMENTADO,SIN_CASO_USO_EMISOR_DOCUMENTADO
InitializeCommunityCommand,Command,UC-COM-09: Inicializar Entorno de Comunidad,Gestión de Comunidad,Sistema (Invocado automáticamente por el Bus de Eventos).,Comando de Entrada,`InitializeCommunityCommand` (Construido a partir del *payload* del evento).,CommunityProvisionedEvent,"* **Actor:** Sistema (Invocado automáticamente por el Bus de Eventos).
* **Descripción:** Flujo de infraestructura (System-to-System). Reacciona al evento `CommunityProvisionedEvent` emitido por el Contexto de Suscripción. Su objetivo es crear el registro raíz de la comunidad en la base de datos local del Contexto de Comunidad, estableciendo su identificador único y su capacidad máxima inmutable. Sin este paso, el administrador local no tendría un espacio donde empezar a trabajar.
* **Comando de Entrada:** `InitializeCommunityCommand` (Construido a partir del *payload* del evento).",UC-SUS-01: Aprovisionar Nuevo Fraccionamiento,EMISOR_EVENTO_DOCUMENTADO
RevealVisitorIdentityCommand,Command,UC-COM-10: Auditar Identidad de Visitante (Break-Glass Flow),Gestión de Comunidad,"`CommunityAdmin` (Administrador del fraccionamiento, operando desde el panel web de gestión).",Comando de Entrada,`RevealVisitorIdentityCommand`,NO_DOCUMENTADO,NO_DOCUMENTADO,NO_DOCUMENTADO,SIN_CASO_USO_EMISOR_DOCUMENTADO
GenerateInvitationCommand,Command,UC-ACC-01: Generar Invitación de Acceso,Control de Acceso,`PrimaryResident` o `SecondaryResident` (operando desde la App Móvil o Web).,Comando de Entrada,"`GenerateInvitationCommand` (`residentId`, `houseId`, `guestName`, `visitType` [PEDESTRIAN, VEHICLE, RIDE_HAILING, DELIVERY], `licensePlate` [Opcional], `vehicleDescription` [Opcional], `scheduledDate`, `estimatedArrivalTime`).",NO_DOCUMENTADO,NO_DOCUMENTADO,NO_DOCUMENTADO,SIN_CASO_USO_EMISOR_DOCUMENTADO
CancelInvitationCommand,Command,UC-ACC-02: Cancelar Invitación,Control de Acceso,`PrimaryResident` o `SecondaryResident`.,Comando de Entrada,"`CancelInvitationCommand` (`invitationId`, `residentId`).",NO_DOCUMENTADO,NO_DOCUMENTADO,NO_DOCUMENTADO,SIN_CASO_USO_EMISOR_DOCUMENTADO
UpdateInvitationContactCommand,Command,UC-ACC-14: Actualizar Contacto de Invitación,Control de Acceso,Residente (A través de la aplicación móvil).,Comando de Entrada,`UpdateInvitationContactCommand`,NO_DOCUMENTADO,NO_DOCUMENTADO,NO_DOCUMENTADO,SIN_CASO_USO_EMISOR_DOCUMENTADO
RequestInvitationResendCommand,Command,UC-ACC-15: Solicitar Reenvío de Invitación,Control de Acceso,Residente (A través de la aplicación móvil).,Comando de Entrada,`RequestInvitationResendCommand`,NO_DOCUMENTADO,NO_DOCUMENTADO,NO_DOCUMENTADO,SIN_CASO_USO_EMISOR_DOCUMENTADO
GetActiveInvitationsQuery,Query,UC-ACC-16: Consultar Mis Invitaciones Activas,Control de Acceso,`PrimaryResident` o `SecondaryResident` (operando desde la App Móvil o Web).,Consulta de Entrada,"`GetActiveInvitationsQuery` (`residentId`, `limit` [ej. 20], `offset`).",NO_DOCUMENTADO,NO_DOCUMENTADO,NO_DOCUMENTADO,SIN_CASO_USO_EMISOR_DOCUMENTADO
GetInvitationDetailQuery,Query,UC-ACC-17: Consultar Detalle de Invitación,Control de Acceso,`PrimaryResident` o `SecondaryResident` (operando desde la App Móvil o Web).,Consulta de Entrada,"`GetInvitationDetailQuery` (`invitationId`, `residentId`).",NO_DOCUMENTADO,NO_DOCUMENTADO,NO_DOCUMENTADO,SIN_CASO_USO_EMISOR_DOCUMENTADO
GetInvitationHistoryQuery,Query,UC-ACC-18: Consultar Historial de Invitaciones,Control de Acceso,`PrimaryResident` o `SecondaryResident` (operando desde la App Móvil o Web).,Consulta de Entrada,`GetInvitationHistoryQuery`,NO_DOCUMENTADO,NO_DOCUMENTADO,NO_DOCUMENTADO,SIN_CASO_USO_EMISOR_DOCUMENTADO
RegisterOnlineEntryCommand,Command,UC-ACC-03: Registrar Entrada Online,Control de Acceso,`KioskApp` (Hardware en carril de entrada).,Comando de Entrada,"`RegisterOnlineEntryCommand` (`tokenPayload`, `kioskId`).",NO_DOCUMENTADO,NO_DOCUMENTADO,NO_DOCUMENTADO,SIN_CASO_USO_EMISOR_DOCUMENTADO
GetValidTokensForTodayQuery,Query,UC-ACC-04: Sincronizar Caché Offline,Control de Acceso,`KioskApp` (Proceso en segundo plano / Tarea programada).,Consulta de Entrada,"`GetValidTokensForTodayQuery` (`communityId`, `currentDate`).",NO_DOCUMENTADO,NO_DOCUMENTADO,NO_DOCUMENTADO,SIN_CASO_USO_EMISOR_DOCUMENTADO
SyncDeferredAccessesCommand,Command,UC-ACC-05: Procesar Eventos Diferidos,Control de Acceso,`KioskApp` (Proceso automático al recuperar conexión de red).,Comando de Entrada,"`SyncDeferredAccessesCommand` (Lista de `DeferredAccessDTO`: `invitationId`, `type` [ENTRY / EXIT], `exactTimestamp`, `uniqueEventId` [UUID generado en la tablet]).",NO_DOCUMENTADO,NO_DOCUMENTADO,NO_DOCUMENTADO,SIN_CASO_USO_EMISOR_DOCUMENTADO
RegisterUnscheduledVisitCommand,Command,UC-ACC-06: Registrar Llegada Sorpresa,Control de Acceso,`SecurityGuard` (operando desde la `GuardConsole` en caseta).,Comando de Entrada,"`RegisterUnscheduledVisitCommand` (`houseId`, `guestName`, `visitType` [PEDESTRIAN, VEHICLE, RIDE_HAILING, DELIVERY], `licensePlate` [Opcional], `vehicleDescription` [Opcional], `guardId`, `reason` [String libre, ej. ""Entrega Amazon""]).",NO_DOCUMENTADO,NO_DOCUMENTADO,NO_DOCUMENTADO,SIN_CASO_USO_EMISOR_DOCUMENTADO
TriggerEmergencyOverrideCommand,Command,UC-ACC-07: Ejecutar Apertura de Contingencia,Control de Acceso,`SecurityGuard` (operando desde la `GuardConsole`).,Comandos de Entrada (Flujo Desacoplado),"1. `TriggerEmergencyOverrideCommand` (`guardId`, `gateDirection` [ENTRY, EXIT, BOTH]). -> *Abre la barrera inmediatamente y encola la tarea.*",NO_DOCUMENTADO,NO_DOCUMENTADO,NO_DOCUMENTADO,SIN_CASO_USO_EMISOR_DOCUMENTADO
RegisterManualDepartureCommand,Command,UC-ACC-20: Registrar Salida Manual desde Consola,Control de Acceso,`SecurityGuard` (operando desde la `GuardConsole` en caseta).,Comando de Entrada,"`RegisterManualDepartureCommand` (`invitationId`, `guardId`).",NO_DOCUMENTADO,NO_DOCUMENTADO,NO_DOCUMENTADO,SIN_CASO_USO_EMISOR_DOCUMENTADO
ResolveEmergencyOverrideCommand,Command,UC-ACC-12: Justificar Contingencia Pendiente,Control de Acceso,`SecurityGuard` (operando desde la `GuardConsole`).,Comando de Entrada,"`ResolveEmergencyOverrideCommand` (`overrideEventId`, `overrideType` [MEDICAL_EMERGENCY, POLICE, FIRE_DEPARTMENT, HARDWARE_FAILURE, OTHER], `mandatoryJustification` [Texto libre, ej. ""Ambulancia Cruz Roja placas XYZ""]).",NO_DOCUMENTADO,NO_DOCUMENTADO,NO_DOCUMENTADO,SIN_CASO_USO_EMISOR_DOCUMENTADO
RegisterDepartureCommand,Command,UC-ACC-08: Registrar Salida de Visitante,Control de Acceso,`KioskApp` (Hardware en carril de salida) o `GuardConsole` (Escaneo manual).,Comando de Entrada,"`RegisterDepartureCommand` (`tokenPayload`, `kioskId`).",NO_DOCUMENTADO,NO_DOCUMENTADO,NO_DOCUMENTADO,SIN_CASO_USO_EMISOR_DOCUMENTADO
ExpirePendingInvitationsCommand,Command,UC-ACC-09: Invalidar Invitaciones Expiradas,Control de Acceso,`System` (Proceso automático en segundo plano / *Cron Job*).,Comando de Entrada,Ninguno a nivel de usuario. Se dispara internamente mediante un `ExpirePendingInvitationsCommand` (idealmente inyectando la `targetDate` para hacerlo idempotente y fácil de probar).,NO_DOCUMENTADO,NO_DOCUMENTADO,NO_DOCUMENTADO,SIN_CASO_USO_EMISOR_DOCUMENTADO
RegisterOfflineDepartureCommand,Command,UC-ACC-10: Registrar Salida Offline,Control de Acceso,`KioskApp` (Hardware en carril de salida operando sin conexión a la red central).,Comando de Entrada (Local),"`RegisterOfflineDepartureCommand` (`tokenPayload`, `exactTimestamp`).",NO_DOCUMENTADO,NO_DOCUMENTADO,NO_DOCUMENTADO,SIN_CASO_USO_EMISOR_DOCUMENTADO
ValidateOfflineTokenCommand,Command,UC-ACC-11: Validar Acceso Offline (Contingencia de Entrada / `ValidateTokenOfflineUseCase`),Control de Acceso,`KioskApp` (Hardware en carril de entrada operando sin conexión).,Comando de Entrada (Local),"`ValidateOfflineTokenCommand` (`tokenPayload`, `exactTimestamp`).",NO_DOCUMENTADO,NO_DOCUMENTADO,NO_DOCUMENTADO,SIN_CASO_USO_EMISOR_DOCUMENTADO
SendHeartbeatCommand,Command,UC-ACC-13: Sincronizar Estado Operativo Global (Heartbeat / `SyncOperationalStatusUseCase`),Control de Acceso,`KioskApp` y `GuardConsole` (Proceso de sistema en segundo plano).,Comando de Entrada,"`SendHeartbeatCommand` (`kioskId` / `guardConsoleId`, `hardwareStatus` [OK, LOW_MEMORY, PRINTER_ERROR]).",NO_DOCUMENTADO,NO_DOCUMENTADO,NO_DOCUMENTADO,SIN_CASO_USO_EMISOR_DOCUMENTADO
InitializeAccessEnvironmentCommand,Command,UC-ACC-19: Inicializar Entorno de Caseta (System-to-System),Control de Acceso,Sistema (Invocado automáticamente por el Bus de Eventos).,Comando de Entrada,`InitializeAccessEnvironmentCommand` (Construido internamente a partir del *payload* del evento).,CommunitySettingsUpdatedEvent,"* **Actor:** Sistema (Invocado automáticamente por el Bus de Eventos).
* **Descripción:** Flujo de infraestructura reactiva. Al consumir el evento `CommunitySettingsUpdatedEvent` emitido por el Contexto de Comunidad, este caso de uso inicializa las configuraciones operativas requeridas por el motor de accesos. Persiste la zona horaria (`timezone`) para la generación y validación de vigencias, e inicializa el contador de aforo (`ParkingQuota`) para la caseta.
* **Comando de Entrada:** `InitializeAccessEnvironmentCommand` (Construido internamente a partir del *payload* del evento).",UC-COM-01: Configurar Reglas de Comunidad,EMISOR_EVENTO_DOCUMENTADO
SyncHouseSuspensionCommand,Command,UC-ACC-21: Reaccionar a Suspensión de Unidad,Control de Acceso,`System` (Flujo disparado asíncronamente al consumir el `HouseOperationalStatusChangedEvent` desde el bus de mensajes).,Comando de Entrada,`SyncHouseSuspensionCommand` (Construido a partir del payload del evento).,HouseOperationalStatusChangedEvent,"* **Actor:** `System` (Flujo disparado asíncronamente al consumir el `HouseOperationalStatusChangedEvent` desde el bus de mensajes).
* **Comando de Entrada:** `SyncHouseSuspensionCommand` (Construido a partir del payload del evento).",UC-COM-07: Modificar Estado Operativo de Unidad Privativa,EMISOR_EVENTO_DOCUMENTADO
HandleDeliveryFailureCommand,Command,UC-ACC-22: Procesar Fallo de Entrega de Invitación,Control de Acceso,`System` (Flujo asíncrono disparado al consumir el evento `AccessPassDeliveryFailedEvent`).,Comando de Entrada,`HandleDeliveryFailureCommand` (Construido a partir del payload del evento).,AccessPassDeliveryFailedEvent,"* **Actor:** `System` (Flujo asíncrono disparado al consumir el evento `AccessPassDeliveryFailedEvent`).
* **Comando de Entrada:** `HandleDeliveryFailureCommand` (Construido a partir del payload del evento).",UC-NOT-04: Distribuir Pase de Acceso a Visitante,EMISOR_EVENTO_DOCUMENTADO
RegisterExternalIdentityCommand,Command,UC-IAM-01: Registrar Identidad Externa,Seguridad / IAM,Sistema (Invocado automáticamente por el backend).,Comando de Entrada,`RegisterExternalIdentityCommand`,NO_DOCUMENTADO,NO_DOCUMENTADO,NO_DOCUMENTADO,SIN_CASO_USO_EMISOR_DOCUMENTADO
ProvisionNewStaffAccountCommand,Command,UC-IAM-02: Provisionar Nueva Cuenta de Personal,Seguridad / IAM,`SystemAdmin` (para crear Administradores) o `CommunityAdmin` (para crear Guardias).,Comando de Entrada,`ProvisionNewStaffAccountCommand`,NO_DOCUMENTADO,NO_DOCUMENTADO,NO_DOCUMENTADO,SIN_CASO_USO_EMISOR_DOCUMENTADO
AssignCommunityToStaffCommand,Command,UC-IAM-03: Asignar Comunidad a Personal Existente,Seguridad / IAM,`SystemAdmin`.,Comando de Entrada,`AssignCommunityToStaffCommand`,NO_DOCUMENTADO,NO_DOCUMENTADO,NO_DOCUMENTADO,SIN_CASO_USO_EMISOR_DOCUMENTADO
RevokeSessionCommand,Command,UC-IAM-04: Revocar Sesión,Seguridad / IAM,Cualquier usuario autenticado (Acción manual) o el Sistema (Acción automática por inactividad o fin de turno).,Comando de Entrada,`RevokeSessionCommand`,NO_DOCUMENTADO,NO_DOCUMENTADO,NO_DOCUMENTADO,SIN_CASO_USO_EMISOR_DOCUMENTADO
DispatchAccessAlertCommand,Command,UC-NOT-01: Notificar Acceso a Residente,Notificaciones,Sistema (Ejecución asíncrona en respuesta a los eventos `AccessGrantedEvent` o `UnscheduledVisitAlertEvent` del Contexto de Accesos).,Comando de Entrada,`DispatchAccessAlertCommand`,AccessGrantedEvent; UnscheduledVisitAlertEvent,* **Actor:** Sistema (Ejecución asíncrona en respuesta a los eventos `AccessGrantedEvent` o `UnscheduledVisitAlertEvent` del Contexto de Accesos).,UC-ACC-03: Registrar Entrada Online; UC-ACC-05: Procesar Eventos Diferidos; UC-ACC-06: Registrar Llegada Sorpresa,EMISOR_EVENTO_DOCUMENTADO
DispatchCriticalAlertCommand,Command,UC-NOT-02: Despachar Alerta Crítica de Seguridad,Notificaciones,Sistema (Ejecución asíncrona y de máxima prioridad en respuesta al evento `EmergencyOverrideTriggeredEvent` del Contexto de Accesos).,Comando de Entrada,`DispatchCriticalAlertCommand`,EmergencyOverrideTriggeredEvent,* **Actor:** Sistema (Ejecución asíncrona y de máxima prioridad en respuesta al evento `EmergencyOverrideTriggeredEvent` del Contexto de Accesos).,UC-ACC-07: Ejecutar Apertura de Contingencia,EMISOR_EVENTO_DOCUMENTADO
DispatchExitAlertCommand,Command,UC-NOT-03: Notificar Salida a Residente,Notificaciones,Sistema (Ejecución asíncrona en respuesta al evento `DepartureRegisteredEvent` del Contexto de Accesos).,Comando de Entrada,`DispatchExitAlertCommand`,DepartureRegisteredEvent,* **Actor:** Sistema (Ejecución asíncrona en respuesta al evento `DepartureRegisteredEvent` del Contexto de Accesos).,UC-ACC-05: Procesar Eventos Diferidos; UC-ACC-08: Registrar Salida de Visitante; UC-ACC-20: Registrar Salida Manual desde Consola,EMISOR_EVENTO_DOCUMENTADO
DistributeAccessPassCommand,Command,UC-NOT-04: Distribuir Pase de Acceso a Visitante,Notificaciones,Sistema (Ejecución asíncrona en respuesta a los eventos `InvitationGeneratedEvent` o `InvitationContactUpdatedEvent` del Contexto de Accesos).,Comando de Entrada,`DistributeAccessPassCommand`,InvitationContactUpdatedEvent; InvitationGeneratedEvent,* **Actor:** Sistema (Ejecución asíncrona en respuesta a los eventos `InvitationGeneratedEvent` o `InvitationContactUpdatedEvent` del Contexto de Accesos).,UC-ACC-01: Generar Invitación de Acceso; UC-ACC-14: Actualizar Contacto de Invitación,EMISOR_EVENTO_DOCUMENTADO
DistributeAccessPassCancellationCommand,Command,UC-NOT-05: Notificar Cancelación de Pase de Acceso,Notificaciones,Sistema (Ejecución asíncrona en respuesta al evento `InvitationCanceledEvent` del Contexto de Accesos).,Comando de Entrada,`DistributeAccessPassCancellationCommand`,InvitationCanceledEvent,* **Actor:** Sistema (Ejecución asíncrona en respuesta al evento `InvitationCanceledEvent` del Contexto de Accesos).,UC-ACC-02: Cancelar Invitación,EMISOR_EVENTO_DOCUMENTADO
DispatchAccessPassResendCommand,Command,UC-NOT-06: Despachar Reenvío de Pase de Acceso,Notificaciones,"Sistema (Ejecución asíncrona en respuesta a la solicitud manual del residente desde su app, generando el evento `InvitationResendRequestedEvent`).",Comando de Entrada,`DispatchAccessPassResendCommand`,InvitationResendRequestedEvent,"* **Actor:** Sistema (Ejecución asíncrona en respuesta a la solicitud manual del residente desde su app, generando el evento `InvitationResendRequestedEvent`).",UC-ACC-15: Solicitar Reenvío de Invitación,EMISOR_EVENTO_DOCUMENTADO
