Mensaje,Tipo,Rol del mensaje,Caso de uso Emisor documentado,Módulo Emisor documentado,Caso de uso Receptor documentado,Módulo Receptor documentado,Actor documentado,Evento origen documentado,Estado,Base documental
ProvisionCommunityCommand,Command,Entrada recibida por caso de uso,NO_DOCUMENTADO,NO_DOCUMENTADO,UC-SUS-01: Aprovisionar Nuevo Fraccionamiento,Suscripción,`SystemAdmin` (Personal interno de Axolote Solutions operando desde el panel de administración global).,NO_DOCUMENTADO,SIN_CASO_USO_EMISOR_DOCUMENTADO,`ProvisionCommunityCommand`
GetCommunitiesQuery,Query,Entrada recibida por caso de uso,NO_DOCUMENTADO,NO_DOCUMENTADO,UC-SUS-02: Consultar Directorio de Fraccionamientos,Suscripción,`SystemAdmin` (Personal interno de Axolote Solutions operando desde el panel de administración global).,NO_DOCUMENTADO,SIN_CASO_USO_EMISOR_DOCUMENTADO,`GetCommunitiesQuery`
GetCommunityDetailQuery,Query,Entrada recibida por caso de uso,NO_DOCUMENTADO,NO_DOCUMENTADO,UC-SUS-03: Consultar Detalle y Estado de Cuenta de Fraccionamiento,Suscripción,`SystemAdmin` (Personal interno de Axolote Solutions operando desde el panel de administración global).,NO_DOCUMENTADO,SIN_CASO_USO_EMISOR_DOCUMENTADO,`GetCommunityDetailQuery`
RegisterManualPaymentCommand,Command,Entrada recibida por caso de uso,NO_DOCUMENTADO,NO_DOCUMENTADO,UC-SUS-04: Registrar Pago Manual,Suscripción,`SystemAdmin` (Personal interno de Axolote Solutions operando desde el panel de administración global).,NO_DOCUMENTADO,SIN_CASO_USO_EMISOR_DOCUMENTADO,`RegisterManualPaymentCommand`
GrantGracePeriodCommand,Command,Entrada recibida por caso de uso,NO_DOCUMENTADO,NO_DOCUMENTADO,UC-SUS-05: Reactivación Manual / Extensión de Gracia,Suscripción,`SystemAdmin` (Personal interno de Axolote Solutions).,NO_DOCUMENTADO,SIN_CASO_USO_EMISOR_DOCUMENTADO,`GrantGracePeriodCommand`
GetMyBillingProfileQuery,Query,Entrada recibida por caso de uso,NO_DOCUMENTADO,NO_DOCUMENTADO,UC-SUS-09: Consultar Mi Estado de Facturación,Suscripción,`CommunityAdmin` (Administrador del fraccionamiento operando desde su portal web o app móvil).,NO_DOCUMENTADO,SIN_CASO_USO_EMISOR_DOCUMENTADO,`GetMyBillingProfileQuery`
UpdateCommunityProfileCommand,Command,Entrada recibida por caso de uso,NO_DOCUMENTADO,NO_DOCUMENTADO,UC-SUS-10: Actualizar Datos Administrativos de Fraccionamiento,Suscripción,`SystemAdmin` (Personal interno de Axolote Solutions operando desde el panel global).,NO_DOCUMENTADO,SIN_CASO_USO_EMISOR_DOCUMENTADO,`UpdateCommunityProfileCommand`
SuspendSubscriptionCommand,Command,Entrada recibida por caso de uso,NO_DOCUMENTADO,NO_DOCUMENTADO,UC-SUS-11: Suspender Suscripción por Morosidad,Suscripción,`System` (Ejecutado automáticamente por un proceso en segundo plano / Cron Job diario) o `SystemAdmin` (Ejecución manual preventiva).,NO_DOCUMENTADO,SIN_CASO_USO_EMISOR_DOCUMENTADO,`SuspendSubscriptionCommand`
ActivateScheduledCommunityCommand,Command,Entrada recibida por caso de uso,NO_DOCUMENTADO,NO_DOCUMENTADO,UC-SUS-12: Activar Comunidad Programada,Suscripción,`System` (Ejecutado automáticamente por un proceso en segundo plano / Cron Job diario).,NO_DOCUMENTADO,SIN_CASO_USO_EMISOR_DOCUMENTADO,`ActivateScheduledCommunityCommand`
GetManualPaymentReferenceQuery,Query,Entrada recibida por caso de uso,NO_DOCUMENTADO,NO_DOCUMENTADO,UC-SUS-13: Consultar Referencia de Pago Manual,Suscripción,`CommunityAdmin` (Administrador del fraccionamiento operando desde su portal web).,NO_DOCUMENTADO,SIN_CASO_USO_EMISOR_DOCUMENTADO,`GetManualPaymentReferenceQuery`
CancelSubscriptionCommand,Command,Entrada recibida por caso de uso,NO_DOCUMENTADO,NO_DOCUMENTADO,UC-SUS-14: Cancelar / Dar de Baja Fraccionamiento,Suscripción,`SystemAdmin` (Personal interno de Axolote Solutions).,NO_DOCUMENTADO,SIN_CASO_USO_EMISOR_DOCUMENTADO,`CancelSubscriptionCommand`
ConfigureCommunityCommand,Command,Entrada recibida por caso de uso,NO_DOCUMENTADO,NO_DOCUMENTADO,UC-COM-01: Configurar Reglas de Comunidad,Gestión de Comunidad,"`CommunityAdmin` (Administrador del fraccionamiento, operando desde el panel web de gestión).",NO_DOCUMENTADO,SIN_CASO_USO_EMISOR_DOCUMENTADO,`ConfigureCommunityCommand`
RegisterHouseModelCommand,Command,Entrada recibida por caso de uso,NO_DOCUMENTADO,NO_DOCUMENTADO,UC-COM-02: Registrar Modelo de Propiedad,Gestión de Comunidad,`CommunityAdmin` (Administrador del fraccionamiento).,NO_DOCUMENTADO,SIN_CASO_USO_EMISOR_DOCUMENTADO,`RegisterHouseModelCommand`
RegisterHouseCommand,Command,Entrada recibida por caso de uso,NO_DOCUMENTADO,NO_DOCUMENTADO,UC-COM-03: Registrar Unidad Privativa,Gestión de Comunidad,`CommunityAdmin` (Administrador del fraccionamiento).,NO_DOCUMENTADO,SIN_CASO_USO_EMISOR_DOCUMENTADO,`RegisterHouseCommand`
AssignPrimaryResidentCommand,Command,Entrada recibida por caso de uso,NO_DOCUMENTADO,NO_DOCUMENTADO,UC-COM-04: Asignar Residente Principal,Gestión de Comunidad,`CommunityAdmin` (Administrador del fraccionamiento).,NO_DOCUMENTADO,SIN_CASO_USO_EMISOR_DOCUMENTADO,`AssignPrimaryResidentCommand`
RegisterSecondaryResidentCommand,Command,Entrada recibida por caso de uso,NO_DOCUMENTADO,NO_DOCUMENTADO,UC-COM-05: Registrar Residente Secundario,Gestión de Comunidad,`PrimaryResident` (App Móvil) o `CommunityAdmin` (Panel Web).,NO_DOCUMENTADO,SIN_CASO_USO_EMISOR_DOCUMENTADO,`RegisterSecondaryResidentCommand`
RemoveResidentCommand,Command,Entrada recibida por caso de uso,NO_DOCUMENTADO,NO_DOCUMENTADO,UC-COM-06: Remover Residente,Gestión de Comunidad,`CommunityAdmin` (Panel Web) o `PrimaryResident` (App Móvil).,NO_DOCUMENTADO,SIN_CASO_USO_EMISOR_DOCUMENTADO,`RemoveResidentCommand`
ChangeHouseOperationalStatusCommand,Command,Entrada recibida por caso de uso,NO_DOCUMENTADO,NO_DOCUMENTADO,UC-COM-07: Modificar Estado Operativo de Unidad Privativa,Gestión de Comunidad,`CommunityAdmin` (Panel Web).,NO_DOCUMENTADO,SIN_CASO_USO_EMISOR_DOCUMENTADO,`ChangeHouseOperationalStatusCommand`
GenerateHouseBlockCommand,Command,Entrada recibida por caso de uso,NO_DOCUMENTADO,NO_DOCUMENTADO,UC-COM-08: Generar Bloque de Unidades Privativas,Gestión de Comunidad,`CommunityAdmin` (Panel Web).,NO_DOCUMENTADO,SIN_CASO_USO_EMISOR_DOCUMENTADO,`GenerateHouseBlockCommand`
InitializeCommunityCommand,Command,Entrada recibida por caso de uso,UC-SUS-01: Aprovisionar Nuevo Fraccionamiento,NO_DOCUMENTADO,UC-COM-09: Inicializar Entorno de Comunidad,Gestión de Comunidad,Sistema (Invocado automáticamente por el Bus de Eventos).,CommunityProvisionedEvent,EMISOR_EVENTO_DOCUMENTADO,`InitializeCommunityCommand` (Construido a partir del *payload* del evento).
RevealVisitorIdentityCommand,Command,Entrada recibida por caso de uso,NO_DOCUMENTADO,NO_DOCUMENTADO,UC-COM-10: Auditar Identidad de Visitante (Break-Glass Flow),Gestión de Comunidad,"`CommunityAdmin` (Administrador del fraccionamiento, operando desde el panel web de gestión).",NO_DOCUMENTADO,SIN_CASO_USO_EMISOR_DOCUMENTADO,`RevealVisitorIdentityCommand`
GenerateInvitationCommand,Command,Entrada recibida por caso de uso,NO_DOCUMENTADO,NO_DOCUMENTADO,UC-ACC-01: Generar Invitación de Acceso,Control de Acceso,`PrimaryResident` o `SecondaryResident` (operando desde la App Móvil o Web).,NO_DOCUMENTADO,SIN_CASO_USO_EMISOR_DOCUMENTADO,"`GenerateInvitationCommand` (`residentId`, `houseId`, `guestName`, `visitType` [PEDESTRIAN, VEHICLE, RIDE_HAILING, DELIVERY], `licensePlate` [Opcional], `vehicleDescription` [Opcional], `scheduledDate`, `estimatedArrivalTime`)."
CancelInvitationCommand,Command,Entrada recibida por caso de uso,NO_DOCUMENTADO,NO_DOCUMENTADO,UC-ACC-02: Cancelar Invitación,Control de Acceso,`PrimaryResident` o `SecondaryResident`.,NO_DOCUMENTADO,SIN_CASO_USO_EMISOR_DOCUMENTADO,"`CancelInvitationCommand` (`invitationId`, `residentId`)."
UpdateInvitationContactCommand,Command,Entrada recibida por caso de uso,NO_DOCUMENTADO,NO_DOCUMENTADO,UC-ACC-14: Actualizar Contacto de Invitación,Control de Acceso,Residente (A través de la aplicación móvil).,NO_DOCUMENTADO,SIN_CASO_USO_EMISOR_DOCUMENTADO,`UpdateInvitationContactCommand`
RequestInvitationResendCommand,Command,Entrada recibida por caso de uso,NO_DOCUMENTADO,NO_DOCUMENTADO,UC-ACC-15: Solicitar Reenvío de Invitación,Control de Acceso,Residente (A través de la aplicación móvil).,NO_DOCUMENTADO,SIN_CASO_USO_EMISOR_DOCUMENTADO,`RequestInvitationResendCommand`
GetActiveInvitationsQuery,Query,Entrada recibida por caso de uso,NO_DOCUMENTADO,NO_DOCUMENTADO,UC-ACC-16: Consultar Mis Invitaciones Activas,Control de Acceso,`PrimaryResident` o `SecondaryResident` (operando desde la App Móvil o Web).,NO_DOCUMENTADO,SIN_CASO_USO_EMISOR_DOCUMENTADO,"`GetActiveInvitationsQuery` (`residentId`, `limit` [ej. 20], `offset`)."
GetInvitationDetailQuery,Query,Entrada recibida por caso de uso,NO_DOCUMENTADO,NO_DOCUMENTADO,UC-ACC-17: Consultar Detalle de Invitación,Control de Acceso,`PrimaryResident` o `SecondaryResident` (operando desde la App Móvil o Web).,NO_DOCUMENTADO,SIN_CASO_USO_EMISOR_DOCUMENTADO,"`GetInvitationDetailQuery` (`invitationId`, `residentId`)."
GetInvitationHistoryQuery,Query,Entrada recibida por caso de uso,NO_DOCUMENTADO,NO_DOCUMENTADO,UC-ACC-18: Consultar Historial de Invitaciones,Control de Acceso,`PrimaryResident` o `SecondaryResident` (operando desde la App Móvil o Web).,NO_DOCUMENTADO,SIN_CASO_USO_EMISOR_DOCUMENTADO,`GetInvitationHistoryQuery`
RegisterOnlineEntryCommand,Command,Entrada recibida por caso de uso,NO_DOCUMENTADO,NO_DOCUMENTADO,UC-ACC-03: Registrar Entrada Online,Control de Acceso,`KioskApp` (Hardware en carril de entrada).,NO_DOCUMENTADO,SIN_CASO_USO_EMISOR_DOCUMENTADO,"`RegisterOnlineEntryCommand` (`tokenPayload`, `kioskId`)."
GetValidTokensForTodayQuery,Query,Entrada recibida por caso de uso,NO_DOCUMENTADO,NO_DOCUMENTADO,UC-ACC-04: Sincronizar Caché Offline,Control de Acceso,`KioskApp` (Proceso en segundo plano / Tarea programada).,NO_DOCUMENTADO,SIN_CASO_USO_EMISOR_DOCUMENTADO,"`GetValidTokensForTodayQuery` (`communityId`, `currentDate`)."
SyncDeferredAccessesCommand,Command,Entrada recibida por caso de uso,NO_DOCUMENTADO,NO_DOCUMENTADO,UC-ACC-05: Procesar Eventos Diferidos,Control de Acceso,`KioskApp` (Proceso automático al recuperar conexión de red).,NO_DOCUMENTADO,SIN_CASO_USO_EMISOR_DOCUMENTADO,"`SyncDeferredAccessesCommand` (Lista de `DeferredAccessDTO`: `invitationId`, `type` [ENTRY / EXIT], `exactTimestamp`, `uniqueEventId` [UUID generado en la tablet])."
RegisterUnscheduledVisitCommand,Command,Entrada recibida por caso de uso,NO_DOCUMENTADO,NO_DOCUMENTADO,UC-ACC-06: Registrar Llegada Sorpresa,Control de Acceso,`SecurityGuard` (operando desde la `GuardConsole` en caseta).,NO_DOCUMENTADO,SIN_CASO_USO_EMISOR_DOCUMENTADO,"`RegisterUnscheduledVisitCommand` (`houseId`, `guestName`, `visitType` [PEDESTRIAN, VEHICLE, RIDE_HAILING, DELIVERY], `licensePlate` [Opcional], `vehicleDescription` [Opcional], `guardId`, `reason` [String libre, ej. ""Entrega Amazon""])."
TriggerEmergencyOverrideCommand,Command,Entrada recibida por caso de uso,NO_DOCUMENTADO,NO_DOCUMENTADO,UC-ACC-07: Ejecutar Apertura de Contingencia,Control de Acceso,`SecurityGuard` (operando desde la `GuardConsole`).,NO_DOCUMENTADO,SIN_CASO_USO_EMISOR_DOCUMENTADO,"1. `TriggerEmergencyOverrideCommand` (`guardId`, `gateDirection` [ENTRY, EXIT, BOTH]). -> *Abre la barrera inmediatamente y encola la tarea.*"
RegisterManualDepartureCommand,Command,Entrada recibida por caso de uso,NO_DOCUMENTADO,NO_DOCUMENTADO,UC-ACC-20: Registrar Salida Manual desde Consola,Control de Acceso,`SecurityGuard` (operando desde la `GuardConsole` en caseta).,NO_DOCUMENTADO,SIN_CASO_USO_EMISOR_DOCUMENTADO,"`RegisterManualDepartureCommand` (`invitationId`, `guardId`)."
ResolveEmergencyOverrideCommand,Command,Entrada recibida por caso de uso,NO_DOCUMENTADO,NO_DOCUMENTADO,UC-ACC-12: Justificar Contingencia Pendiente,Control de Acceso,`SecurityGuard` (operando desde la `GuardConsole`).,NO_DOCUMENTADO,SIN_CASO_USO_EMISOR_DOCUMENTADO,"`ResolveEmergencyOverrideCommand` (`overrideEventId`, `overrideType` [MEDICAL_EMERGENCY, POLICE, FIRE_DEPARTMENT, HARDWARE_FAILURE, OTHER], `mandatoryJustification` [Texto libre, ej. ""Ambulancia Cruz Roja placas XYZ""])."
RegisterDepartureCommand,Command,Entrada recibida por caso de uso,NO_DOCUMENTADO,NO_DOCUMENTADO,UC-ACC-08: Registrar Salida de Visitante,Control de Acceso,`KioskApp` (Hardware en carril de salida) o `GuardConsole` (Escaneo manual).,NO_DOCUMENTADO,SIN_CASO_USO_EMISOR_DOCUMENTADO,"`RegisterDepartureCommand` (`tokenPayload`, `kioskId`)."
ExpirePendingInvitationsCommand,Command,Entrada recibida por caso de uso,NO_DOCUMENTADO,NO_DOCUMENTADO,UC-ACC-09: Invalidar Invitaciones Expiradas,Control de Acceso,`System` (Proceso automático en segundo plano / *Cron Job*).,NO_DOCUMENTADO,SIN_CASO_USO_EMISOR_DOCUMENTADO,Ninguno a nivel de usuario. Se dispara internamente mediante un `ExpirePendingInvitationsCommand` (idealmente inyectando la `targetDate` para hacerlo idempotente y fácil de probar).
RegisterOfflineDepartureCommand,Command,Entrada recibida por caso de uso,NO_DOCUMENTADO,NO_DOCUMENTADO,UC-ACC-10: Registrar Salida Offline,Control de Acceso,`KioskApp` (Hardware en carril de salida operando sin conexión a la red central).,NO_DOCUMENTADO,SIN_CASO_USO_EMISOR_DOCUMENTADO,"`RegisterOfflineDepartureCommand` (`tokenPayload`, `exactTimestamp`)."
ValidateOfflineTokenCommand,Command,Entrada recibida por caso de uso,NO_DOCUMENTADO,NO_DOCUMENTADO,UC-ACC-11: Validar Acceso Offline (Contingencia de Entrada / `ValidateTokenOfflineUseCase`),Control de Acceso,`KioskApp` (Hardware en carril de entrada operando sin conexión).,NO_DOCUMENTADO,SIN_CASO_USO_EMISOR_DOCUMENTADO,"`ValidateOfflineTokenCommand` (`tokenPayload`, `exactTimestamp`)."
SendHeartbeatCommand,Command,Entrada recibida por caso de uso,NO_DOCUMENTADO,NO_DOCUMENTADO,UC-ACC-13: Sincronizar Estado Operativo Global (Heartbeat / `SyncOperationalStatusUseCase`),Control de Acceso,`KioskApp` y `GuardConsole` (Proceso de sistema en segundo plano).,NO_DOCUMENTADO,SIN_CASO_USO_EMISOR_DOCUMENTADO,"`SendHeartbeatCommand` (`kioskId` / `guardConsoleId`, `hardwareStatus` [OK, LOW_MEMORY, PRINTER_ERROR])."
InitializeAccessEnvironmentCommand,Command,Entrada recibida por caso de uso,UC-COM-01: Configurar Reglas de Comunidad,NO_DOCUMENTADO,UC-ACC-19: Inicializar Entorno de Caseta (System-to-System),Control de Acceso,Sistema (Invocado automáticamente por el Bus de Eventos).,CommunitySettingsUpdatedEvent,EMISOR_EVENTO_DOCUMENTADO,`InitializeAccessEnvironmentCommand` (Construido internamente a partir del *payload* del evento).
SyncHouseSuspensionCommand,Command,Entrada recibida por caso de uso,UC-COM-07: Modificar Estado Operativo de Unidad Privativa,NO_DOCUMENTADO,UC-ACC-21: Reaccionar a Suspensión de Unidad,Control de Acceso,`System` (Flujo disparado asíncronamente al consumir el `HouseOperationalStatusChangedEvent` desde el bus de mensajes).,HouseOperationalStatusChangedEvent,EMISOR_EVENTO_DOCUMENTADO,`SyncHouseSuspensionCommand` (Construido a partir del payload del evento).
HandleDeliveryFailureCommand,Command,Entrada recibida por caso de uso,UC-NOT-04: Distribuir Pase de Acceso a Visitante,NO_DOCUMENTADO,UC-ACC-22: Procesar Fallo de Entrega de Invitación,Control de Acceso,`System` (Flujo asíncrono disparado al consumir el evento `AccessPassDeliveryFailedEvent`).,AccessPassDeliveryFailedEvent,EMISOR_EVENTO_DOCUMENTADO,`HandleDeliveryFailureCommand` (Construido a partir del payload del evento).
RegisterExternalIdentityCommand,Command,Entrada recibida por caso de uso,NO_DOCUMENTADO,NO_DOCUMENTADO,UC-IAM-01: Registrar Identidad Externa,Seguridad / IAM,Sistema (Invocado automáticamente por el backend).,NO_DOCUMENTADO,SIN_CASO_USO_EMISOR_DOCUMENTADO,`RegisterExternalIdentityCommand`
ProvisionNewStaffAccountCommand,Command,Entrada recibida por caso de uso,NO_DOCUMENTADO,NO_DOCUMENTADO,UC-IAM-02: Provisionar Nueva Cuenta de Personal,Seguridad / IAM,`SystemAdmin` (para crear Administradores) o `CommunityAdmin` (para crear Guardias).,NO_DOCUMENTADO,SIN_CASO_USO_EMISOR_DOCUMENTADO,`ProvisionNewStaffAccountCommand`
AssignCommunityToStaffCommand,Command,Entrada recibida por caso de uso,NO_DOCUMENTADO,NO_DOCUMENTADO,UC-IAM-03: Asignar Comunidad a Personal Existente,Seguridad / IAM,`SystemAdmin`.,NO_DOCUMENTADO,SIN_CASO_USO_EMISOR_DOCUMENTADO,`AssignCommunityToStaffCommand`
RevokeSessionCommand,Command,Entrada recibida por caso de uso,NO_DOCUMENTADO,NO_DOCUMENTADO,UC-IAM-04: Revocar Sesión,Seguridad / IAM,Cualquier usuario autenticado (Acción manual) o el Sistema (Acción automática por inactividad o fin de turno).,NO_DOCUMENTADO,SIN_CASO_USO_EMISOR_DOCUMENTADO,`RevokeSessionCommand`
DispatchAccessAlertCommand,Command,Entrada recibida por caso de uso,UC-ACC-03: Registrar Entrada Online; UC-ACC-05: Procesar Eventos Diferidos; UC-ACC-06: Registrar Llegada Sorpresa,NO_DOCUMENTADO,UC-NOT-01: Notificar Acceso a Residente,Notificaciones,Sistema (Ejecución asíncrona en respuesta a los eventos `AccessGrantedEvent` o `UnscheduledVisitAlertEvent` del Contexto de Accesos).,AccessGrantedEvent; UnscheduledVisitAlertEvent,EMISOR_EVENTO_DOCUMENTADO,`DispatchAccessAlertCommand`
DispatchCriticalAlertCommand,Command,Entrada recibida por caso de uso,UC-ACC-07: Ejecutar Apertura de Contingencia,NO_DOCUMENTADO,UC-NOT-02: Despachar Alerta Crítica de Seguridad,Notificaciones,Sistema (Ejecución asíncrona y de máxima prioridad en respuesta al evento `EmergencyOverrideTriggeredEvent` del Contexto de Accesos).,EmergencyOverrideTriggeredEvent,EMISOR_EVENTO_DOCUMENTADO,`DispatchCriticalAlertCommand`
DispatchExitAlertCommand,Command,Entrada recibida por caso de uso,UC-ACC-05: Procesar Eventos Diferidos; UC-ACC-08: Registrar Salida de Visitante; UC-ACC-20: Registrar Salida Manual desde Consola,NO_DOCUMENTADO,UC-NOT-03: Notificar Salida a Residente,Notificaciones,Sistema (Ejecución asíncrona en respuesta al evento `DepartureRegisteredEvent` del Contexto de Accesos).,DepartureRegisteredEvent,EMISOR_EVENTO_DOCUMENTADO,`DispatchExitAlertCommand`
DistributeAccessPassCommand,Command,Entrada recibida por caso de uso,UC-ACC-01: Generar Invitación de Acceso; UC-ACC-14: Actualizar Contacto de Invitación,NO_DOCUMENTADO,UC-NOT-04: Distribuir Pase de Acceso a Visitante,Notificaciones,Sistema (Ejecución asíncrona en respuesta a los eventos `InvitationGeneratedEvent` o `InvitationContactUpdatedEvent` del Contexto de Accesos).,InvitationContactUpdatedEvent; InvitationGeneratedEvent,EMISOR_EVENTO_DOCUMENTADO,`DistributeAccessPassCommand`
DistributeAccessPassCancellationCommand,Command,Entrada recibida por caso de uso,UC-ACC-02: Cancelar Invitación,NO_DOCUMENTADO,UC-NOT-05: Notificar Cancelación de Pase de Acceso,Notificaciones,Sistema (Ejecución asíncrona en respuesta al evento `InvitationCanceledEvent` del Contexto de Accesos).,InvitationCanceledEvent,EMISOR_EVENTO_DOCUMENTADO,`DistributeAccessPassCancellationCommand`
DispatchAccessPassResendCommand,Command,Entrada recibida por caso de uso,UC-ACC-15: Solicitar Reenvío de Invitación,NO_DOCUMENTADO,UC-NOT-06: Despachar Reenvío de Pase de Acceso,Notificaciones,"Sistema (Ejecución asíncrona en respuesta a la solicitud manual del residente desde su app, generando el evento `InvitationResendRequestedEvent`).",InvitationResendRequestedEvent,EMISOR_EVENTO_DOCUMENTADO,`DispatchAccessPassResendCommand`
CommunityProvisionedEvent,Event,Evento disparado/escuchado,UC-SUS-01: Aprovisionar Nuevo Fraccionamiento,Suscripción,UC-COM-09: Inicializar Entorno de Comunidad,Gestión de Comunidad,N/A,N/A,OK_DOCUMENTADO,"Emisor: * `CommunityProvisionedEvent` (Interceptado por el Contexto de Comunidad para ejecutar el **UC-COM-09: Inicializar Entorno de Comunidad**, el cual crea el registro raíz de la comunidad y fija la capacidad máxima permitida). | Receptor: * **Actor:** Sistema (Invocado automáticamente por el Bus de Eventos).
* **Descripción:** Flujo de infraestructura (System-to-System). Reacciona al evento `CommunityProvisionedEvent` emitido por el Contexto de Suscripción. Su objetivo es crear el registro raíz de la comunidad en la base de datos local del Contexto de Comunidad, estableciendo su identificador único y su capacidad máxima inmutable. Sin este paso, el administrador local no tendría un espacio donde empezar a trabajar.
* **Comando de Entrada:** `InitializeCommunityCommand` (Construido a partir del *payload* del evento)."
CommunityProvisionedEvent,Event,Evento disparado/escuchado,UC-SUS-01: Aprovisionar Nuevo Fraccionamiento,Suscripción,UC-COM-09: Inicializar Entorno de Comunidad,Gestión de Comunidad,N/A,N/A,OK_DOCUMENTADO,"Emisor: * `CommunityProvisionedEvent` (Interceptado por el Contexto de Comunidad para ejecutar el **UC-COM-09: Inicializar Entorno de Comunidad**, el cual crea el registro raíz de la comunidad y fija la capacidad máxima permitida). | Receptor: Mencionado como receptor en evento disparado por UC-SUS-01: Aprovisionar Nuevo Fraccionamiento: * `CommunityProvisionedEvent` (Interceptado por el Contexto de Comunidad para ejecutar el **UC-COM-09: Inicializar Entorno de Comunidad**, el cual crea el registro raíz de la comunidad y fija la capacidad máxima permitida)."
CommunitySettingsUpdatedEvent,Event,Evento disparado/escuchado,UC-COM-01: Configurar Reglas de Comunidad,Gestión de Comunidad,UC-ACC-19: Inicializar Entorno de Caseta (System-to-System),Control de Acceso,N/A,N/A,OK_DOCUMENTADO,"Emisor: * `CommunitySettingsUpdatedEvent` (Notifica el cambio transportando los atributos de negocio clave como el `communityId`, el nuevo `timezone` y los límites operativos actualizados. Es vital para que el Contexto de Accesos, u otros microservicios, inicialicen o invaliden sus datos locales y adopten las nuevas reglas operativas). | Receptor: * **Actor:** Sistema (Invocado automáticamente por el Bus de Eventos).
* **Descripción:** Flujo de infraestructura reactiva. Al consumir el evento `CommunitySettingsUpdatedEvent` emitido por el Contexto de Comunidad, este caso de uso inicializa las configuraciones operativas requeridas por el motor de accesos. Persiste la zona horaria (`timezone`) para la generación y validación de vigencias, e inicializa el contador de aforo (`ParkingQuota`) para la caseta.
* **Comando de Entrada:** `InitializeAccessEnvironmentCommand` (Construido internamente a partir del *payload* del evento)."
HouseOperationalStatusChangedEvent,Event,Evento disparado/escuchado,UC-COM-07: Modificar Estado Operativo de Unidad Privativa,Gestión de Comunidad,UC-ACC-21: Reaccionar a Suspensión de Unidad,Control de Acceso,N/A,N/A,OK_DOCUMENTADO,"Emisor: * `HouseOperationalStatusChangedEvent` (Evento de integración crítico. Contiene el `houseId`, el `previousStatus` y el `newStatus`. Se dispara hacia el bus de mensajes para que otros contextos reaccionen). | Receptor: * **Actor:** `System` (Flujo disparado asíncronamente al consumir el `HouseOperationalStatusChangedEvent` desde el bus de mensajes).
* **Comando de Entrada:** `SyncHouseSuspensionCommand` (Construido a partir del payload del evento)."
AccessPassDeliveryFailedEvent,Event,Evento disparado/escuchado,UC-NOT-04: Distribuir Pase de Acceso a Visitante,Notificaciones,UC-ACC-22: Procesar Fallo de Entrega de Invitación,Control de Acceso,N/A,N/A,OK_DOCUMENTADO,"Emisor: * **Eventos Disparados:** `AccessPassDispatchedEvent` o `AccessPassDeliveryFailedEvent`. | Receptor: * **Actor:** `System` (Flujo asíncrono disparado al consumir el evento `AccessPassDeliveryFailedEvent`).
* **Comando de Entrada:** `HandleDeliveryFailureCommand` (Construido a partir del payload del evento)."
AccessGrantedEvent,Event,Evento disparado/escuchado,UC-ACC-03: Registrar Entrada Online,Control de Acceso,UC-NOT-01: Notificar Acceso a Residente,Notificaciones,N/A,N/A,OK_DOCUMENTADO,"Emisor: * `AccessGrantedEvent` (La `KioskApp` lo recibe para activar el relevador de la pluma; el backend dispara la notificación Push de ""Tu visita ha llegado"" al residente). | Receptor: * **Actor:** Sistema (Ejecución asíncrona en respuesta a los eventos `AccessGrantedEvent` o `UnscheduledVisitAlertEvent` del Contexto de Accesos)."
AccessGrantedEvent,Event,Evento disparado/escuchado,UC-ACC-05: Procesar Eventos Diferidos,Control de Acceso,UC-NOT-01: Notificar Acceso a Residente,Notificaciones,N/A,N/A,OK_DOCUMENTADO,Emisor: * Versiones diferidas de `AccessGrantedEvent` o `DepartureRegisteredEvent` para notificar llegadas o salidas en atraso. | Receptor: * **Actor:** Sistema (Ejecución asíncrona en respuesta a los eventos `AccessGrantedEvent` o `UnscheduledVisitAlertEvent` del Contexto de Accesos).
UnscheduledVisitAlertEvent,Event,Evento disparado/escuchado,UC-ACC-06: Registrar Llegada Sorpresa,Control de Acceso,UC-NOT-01: Notificar Acceso a Residente,Notificaciones,N/A,N/A,OK_DOCUMENTADO,"Emisor: * `UnscheduledVisitAlertEvent` (Dispara una notificación Push urgente y/o un correo al `PrimaryResident` y `SecondaryResidents` indicando: *""Visita sorpresa registrada en caseta""*). | Receptor: * **Actor:** Sistema (Ejecución asíncrona en respuesta a los eventos `AccessGrantedEvent` o `UnscheduledVisitAlertEvent` del Contexto de Accesos)."
EmergencyOverrideTriggeredEvent,Event,Evento disparado/escuchado,UC-ACC-07: Ejecutar Apertura de Contingencia,Control de Acceso,UC-NOT-02: Despachar Alerta Crítica de Seguridad,Notificaciones,N/A,N/A,OK_DOCUMENTADO,"Emisor: * `EmergencyOverrideTriggeredEvent` (Abre la pluma, guarda el registro inicial y levanta una alerta temporal en el dashboard del `CommunityAdmin`: *""Apertura de emergencia en progreso""*). | Receptor: * **Actor:** Sistema (Ejecución asíncrona y de máxima prioridad en respuesta al evento `EmergencyOverrideTriggeredEvent` del Contexto de Accesos)."
DepartureRegisteredEvent,Event,Evento disparado/escuchado,UC-ACC-05: Procesar Eventos Diferidos,Control de Acceso,UC-NOT-03: Notificar Salida a Residente,Notificaciones,N/A,N/A,OK_DOCUMENTADO,Emisor: * Versiones diferidas de `AccessGrantedEvent` o `DepartureRegisteredEvent` para notificar llegadas o salidas en atraso. | Receptor: * **Actor:** Sistema (Ejecución asíncrona en respuesta al evento `DepartureRegisteredEvent` del Contexto de Accesos).
DepartureRegisteredEvent,Event,Evento disparado/escuchado,UC-ACC-20: Registrar Salida Manual desde Consola,Control de Acceso,UC-NOT-03: Notificar Salida a Residente,Notificaciones,N/A,N/A,OK_DOCUMENTADO,Emisor: * `DepartureRegisteredEvent` (Notifica al residente sobre la salida). | Receptor: * **Actor:** Sistema (Ejecución asíncrona en respuesta al evento `DepartureRegisteredEvent` del Contexto de Accesos).
DepartureRegisteredEvent,Event,Evento disparado/escuchado,UC-ACC-08: Registrar Salida de Visitante,Control de Acceso,UC-NOT-03: Notificar Salida a Residente,Notificaciones,N/A,N/A,OK_DOCUMENTADO,Emisor: * `DepartureRegisteredEvent` (Notifica al `PrimaryResident` que su visita se ha retirado). | Receptor: * **Actor:** Sistema (Ejecución asíncrona en respuesta al evento `DepartureRegisteredEvent` del Contexto de Accesos).
InvitationContactUpdatedEvent,Event,Evento disparado/escuchado,UC-ACC-14: Actualizar Contacto de Invitación,Control de Acceso,UC-NOT-04: Distribuir Pase de Acceso a Visitante,Notificaciones,N/A,N/A,OK_DOCUMENTADO,Emisor: * **Eventos Disparados:** `InvitationContactUpdatedEvent`. | Receptor: * **Actor:** Sistema (Ejecución asíncrona en respuesta a los eventos `InvitationGeneratedEvent` o `InvitationContactUpdatedEvent` del Contexto de Accesos).
InvitationGeneratedEvent,Event,Evento disparado/escuchado,UC-ACC-01: Generar Invitación de Acceso,Control de Acceso,UC-NOT-04: Distribuir Pase de Acceso a Visitante,Notificaciones,N/A,N/A,OK_DOCUMENTADO,Emisor: * **Eventos Disparados:** `InvitationGeneratedEvent` (Capturado por el adaptador de notificaciones para enviar el WhatsApp/Email al visitante con su código y para actualizar la interfaz del residente). | Receptor: * **Actor:** Sistema (Ejecución asíncrona en respuesta a los eventos `InvitationGeneratedEvent` o `InvitationContactUpdatedEvent` del Contexto de Accesos).
InvitationCanceledEvent,Event,Evento disparado/escuchado,UC-ACC-02: Cancelar Invitación,Control de Acceso,UC-NOT-05: Notificar Cancelación de Pase de Acceso,Notificaciones,N/A,N/A,OK_DOCUMENTADO,Emisor: * **Eventos Disparados:** `InvitationCanceledEvent` (Notifica al visitante que su código fue revocado y actualiza la UI de la app del residente). | Receptor: * **Actor:** Sistema (Ejecución asíncrona en respuesta al evento `InvitationCanceledEvent` del Contexto de Accesos).
InvitationResendRequestedEvent,Event,Evento disparado/escuchado,UC-ACC-15: Solicitar Reenvío de Invitación,Control de Acceso,UC-NOT-06: Despachar Reenvío de Pase de Acceso,Notificaciones,N/A,N/A,OK_DOCUMENTADO,"Emisor: * **Eventos Disparados:** `InvitationResendRequestedEvent` (Viaja con el *payload* completo recuperado de la base de datos: QR, NIP, nombres, método de contacto y dirección). | Receptor: * **Actor:** Sistema (Ejecución asíncrona en respuesta a la solicitud manual del residente desde su app, generando el evento `InvitationResendRequestedEvent`)."
CommunityAdminAssignedEvent,Event,Evento disparado/escuchado,UC-SUS-01: Aprovisionar Nuevo Fraccionamiento,Suscripción,UC-IAM-02: Provisionar Nueva Cuenta de Personal,Seguridad / IAM,N/A,N/A,OK_DOCUMENTADO,"Emisor: * `CommunityAdminAssignedEvent` (Interceptado por el Contexto IAM para ejecutar el **UC-IAM-02: Provisionar Cuenta de Personal**, el cual orquestará la creación o vinculación en el IdP y disparará el correo de bienvenida). | Receptor: Mencionado como receptor en evento disparado por UC-SUS-01: Aprovisionar Nuevo Fraccionamiento: * `CommunityAdminAssignedEvent` (Interceptado por el Contexto IAM para ejecutar el **UC-IAM-02: Provisionar Cuenta de Personal**, el cual orquestará la creación o vinculación en el IdP y disparará el correo de bienvenida)."
SubscriptionPeriodExtendedEvent,Event,Evento disparado/escuchado,UC-SUS-04: Registrar Pago Manual,Suscripción,NO_DOCUMENTADO,NO_DOCUMENTADO,N/A,N/A,DISPARADO_SIN_RECEPTOR_DOCUMENTADO,Emisor: * `SubscriptionPeriodExtendedEvent`: Se dispara siempre que el registro del pago sea exitoso para notificar la nueva vigencia financiera. | Receptor: NO_DOCUMENTADO
SubscriptionReactivatedEvent,Event,Evento disparado/escuchado,UC-SUS-04: Registrar Pago Manual,Suscripción,NO_DOCUMENTADO,NO_DOCUMENTADO,N/A,N/A,DISPARADO_SIN_RECEPTOR_DOCUMENTADO,Emisor: * `SubscriptionReactivatedEvent`: Se dispara **únicamente** si el estado previo de la comunidad era `SUSPENDED` y la nueva `paidThroughDate` resultante es estrictamente mayor a la fecha actual (`NOW`). | Receptor: NO_DOCUMENTADO
SubscriptionReactivatedEvent,Event,Evento disparado/escuchado,UC-SUS-05: Reactivación Manual / Extensión de Gracia,Suscripción,NO_DOCUMENTADO,NO_DOCUMENTADO,N/A,N/A,DISPARADO_SIN_RECEPTOR_DOCUMENTADO,Emisor: * `SubscriptionReactivatedEvent` (Interceptado por el contexto de Accesos para levantar el Blackout y permitir que las plumas vuelvan a funcionar de inmediato). | Receptor: NO_DOCUMENTADO
GracePeriodGrantedEvent,Event,Evento disparado/escuchado,UC-SUS-05: Reactivación Manual / Extensión de Gracia,Suscripción,NO_DOCUMENTADO,NO_DOCUMENTADO,N/A,N/A,DISPARADO_SIN_RECEPTOR_DOCUMENTADO,Emisor: * `GracePeriodGrantedEvent` (Registra en auditoría la acción excepcional para futuras revisiones). | Receptor: NO_DOCUMENTADO
CommunityProfileUpdatedEvent,Event,Evento disparado/escuchado,UC-SUS-10: Actualizar Datos Administrativos de Fraccionamiento,Suscripción,NO_DOCUMENTADO,NO_DOCUMENTADO,N/A,N/A,DISPARADO_SIN_RECEPTOR_DOCUMENTADO,Emisor: * `CommunityProfileUpdatedEvent` (Interceptado por el Contexto de Comunidad para sincronizar el nombre corregido en la interfaz de los residentes). | Receptor: NO_DOCUMENTADO
SubscriptionSuspendedEvent,Event,Evento disparado/escuchado,UC-SUS-11: Suspender Suscripción por Morosidad,Suscripción,NO_DOCUMENTADO,NO_DOCUMENTADO,N/A,N/A,DISPARADO_SIN_RECEPTOR_DOCUMENTADO,"Emisor: * `SubscriptionSuspendedEvent` (Este es el evento crítico que aplica el ""castigo"" comercial): | Receptor: NO_DOCUMENTADO"
CommunityOperationsStartedEvent,Event,Evento disparado/escuchado,UC-SUS-12: Activar Comunidad Programada,Suscripción,NO_DOCUMENTADO,NO_DOCUMENTADO,N/A,N/A,DISPARADO_SIN_RECEPTOR_DOCUMENTADO,Emisor: * `CommunityOperationsStartedEvent`: (Evento crucial que notifica al Contexto de Accesos y de Comunidad que este fraccionamiento ya está legal y financieramente autorizado para comenzar a operar las casetas y utilizar el panel web). | Receptor: NO_DOCUMENTADO
SubscriptionCanceledEvent,Event,Evento disparado/escuchado,UC-SUS-14: Cancelar / Dar de Baja Fraccionamiento,Suscripción,NO_DOCUMENTADO,NO_DOCUMENTADO,N/A,N/A,DISPARADO_SIN_RECEPTOR_DOCUMENTADO,Emisor: * `SubscriptionCanceledEvent` (Interceptado por todos los demás contextos: *Accesos* bloquea el funcionamiento de casetas; *Comunidad* congela el panel administrativo; *IAM* **invalida obligatoriamente** todas las sesiones activas y tokens de acceso de los usuarios pertenecientes a dicho fraccionamiento). | Receptor: NO_DOCUMENTADO
HouseModelRegisteredEvent,Event,Evento disparado/escuchado,UC-COM-02: Registrar Modelo de Propiedad,Gestión de Comunidad,NO_DOCUMENTADO,NO_DOCUMENTADO,N/A,N/A,DISPARADO_SIN_RECEPTOR_DOCUMENTADO,Emisor: * **Eventos Disparados:** `HouseModelRegisteredEvent`. | Receptor: NO_DOCUMENTADO
HouseRegisteredEvent,Event,Evento disparado/escuchado,UC-COM-03: Registrar Unidad Privativa,Gestión de Comunidad,NO_DOCUMENTADO,NO_DOCUMENTADO,N/A,N/A,DISPARADO_SIN_RECEPTOR_DOCUMENTADO,Emisor: * **Eventos Disparados:** `HouseRegisteredEvent` (Contiene la firma del `performerId` para el log de auditoría). | Receptor: NO_DOCUMENTADO
HouseRegisteredEvent,Event,Evento disparado/escuchado,UC-COM-08: Generar Bloque de Unidades Privativas,Gestión de Comunidad,NO_DOCUMENTADO,NO_DOCUMENTADO,N/A,N/A,DISPARADO_SIN_RECEPTOR_DOCUMENTADO,Emisor: * **Eventos Disparados:** `HouseRegisteredEvent` (El sistema despachará un evento individual por cada casa creada exitosamente dentro del bloque para mantener la atomicidad en el log de auditoría). | Receptor: NO_DOCUMENTADO
PrimaryResidentAssignedEvent,Event,Evento disparado/escuchado,UC-COM-04: Asignar Residente Principal,Gestión de Comunidad,NO_DOCUMENTADO,NO_DOCUMENTADO,N/A,N/A,DISPARADO_SIN_RECEPTOR_DOCUMENTADO,Emisor: * **Eventos Disparados:** `PrimaryResidentAssignedEvent`. | Receptor: NO_DOCUMENTADO
SecondaryResidentRegisteredEvent,Event,Evento disparado/escuchado,UC-COM-05: Registrar Residente Secundario,Gestión de Comunidad,NO_DOCUMENTADO,NO_DOCUMENTADO,N/A,N/A,DISPARADO_SIN_RECEPTOR_DOCUMENTADO,Emisor: * **Eventos Disparados:** `SecondaryResidentRegisteredEvent`. | Receptor: NO_DOCUMENTADO
ResidentRemovedEvent,Event,Evento disparado/escuchado,UC-COM-06: Remover Residente,Gestión de Comunidad,NO_DOCUMENTADO,NO_DOCUMENTADO,N/A,N/A,DISPARADO_SIN_RECEPTOR_DOCUMENTADO,"Emisor: * **Eventos Disparados:** `ResidentRemovedEvent` (Crítico: El Contexto de Accesos debe escuchar este evento para cancelar automáticamente todas las invitaciones futuras generadas por este usuario, y el Contexto IAM para revocar sus tokens de sesión activa. *Nota sobre la emisión:* En caso de una remoción en cascada (RN-COM-06.2), el sistema emitirá eventos individuales independientes por cada usuario secundario removido, además del primario. Esto garantiza que los contextos consumidores no necesiten conocer la jerarquía de la casa para procesar las bajas). | Receptor: NO_DOCUMENTADO"
HouseSuspendedNotificationEvent,Event,Evento disparado/escuchado,UC-COM-07: Modificar Estado Operativo de Unidad Privativa,Gestión de Comunidad,NO_DOCUMENTADO,NO_DOCUMENTADO,N/A,N/A,DISPARADO_SIN_RECEPTOR_DOCUMENTADO,"Emisor: * `HouseSuspendedNotificationEvent` (Capturado por el adaptador móvil para enviar una alerta Push al residente: ""Su unidad ha sido suspendida administrativamente. Sus accesos han sido revocados""). | Receptor: NO_DOCUMENTADO"
PrivacyOverrideAuditedEvent,Event,Evento disparado/escuchado,UC-COM-10: Auditar Identidad de Visitante (Break-Glass Flow),Gestión de Comunidad,NO_DOCUMENTADO,NO_DOCUMENTADO,N/A,N/A,DISPARADO_SIN_RECEPTOR_DOCUMENTADO,Emisor: * `PrivacyOverrideAuditedEvent`: Registra de forma permanente en la bitácora global que el administrador rompió el protocolo de privacidad para ese registro específico y guarda su justificación. | Receptor: NO_DOCUMENTADO
AccessDeniedEvent,Event,Evento disparado/escuchado,UC-ACC-03: Registrar Entrada Online,Control de Acceso,NO_DOCUMENTADO,NO_DOCUMENTADO,N/A,N/A,DISPARADO_SIN_RECEPTOR_DOCUMENTADO,Emisor: * `AccessDeniedEvent` (Se registra el intento fallido en el `AuditLog` por motivos de seguridad). | Receptor: NO_DOCUMENTADO
DeferredAccessesProcessedEvent,Event,Evento disparado/escuchado,UC-ACC-05: Procesar Eventos Diferidos,Control de Acceso,NO_DOCUMENTADO,NO_DOCUMENTADO,N/A,N/A,DISPARADO_SIN_RECEPTOR_DOCUMENTADO,Emisor: * `DeferredAccessesProcessedEvent` (Ajusta el aforo global del fraccionamiento). | Receptor: NO_DOCUMENTADO
OfflineOverrideAlertEvent,Event,Evento disparado/escuchado,UC-ACC-05: Procesar Eventos Diferidos,Control de Acceso,NO_DOCUMENTADO,NO_DOCUMENTADO,N/A,N/A,DISPARADO_SIN_RECEPTOR_DOCUMENTADO,Emisor: * `OfflineOverrideAlertEvent` (Condicional: Se dispara únicamente si el sistema detecta que un visitante ingresó físicamente usando un código que ya había sido cancelado en la nube. Detona una comunicación de transparencia hacia el residente). | Receptor: NO_DOCUMENTADO
ManualAccessGrantedEvent,Event,Evento disparado/escuchado,UC-ACC-06: Registrar Llegada Sorpresa,Control de Acceso,NO_DOCUMENTADO,NO_DOCUMENTADO,N/A,N/A,DISPARADO_SIN_RECEPTOR_DOCUMENTADO,Emisor: * `ManualAccessGrantedEvent` (La `GuardConsole` lo envía a la `KioskApp` vía red local o API para abrir la barrera física). | Receptor: NO_DOCUMENTADO
ManualAccessGrantedEvent,Event,Evento disparado/escuchado,UC-ACC-20: Registrar Salida Manual desde Consola,Control de Acceso,NO_DOCUMENTADO,NO_DOCUMENTADO,N/A,N/A,DISPARADO_SIN_RECEPTOR_DOCUMENTADO,Emisor: * `ManualAccessGrantedEvent` (Comando a nivel de hardware para levantar la pluma de salida). | Receptor: NO_DOCUMENTADO
ParkingSpaceReservedEvent,Event,Evento disparado/escuchado,UC-ACC-06: Registrar Llegada Sorpresa,Control de Acceso,NO_DOCUMENTADO,NO_DOCUMENTADO,N/A,N/A,DISPARADO_SIN_RECEPTOR_DOCUMENTADO,"Emisor: * `ParkingSpaceReservedEvent` (Actualiza el contador global de aforo, condicionado a que el `visitType` consuma espacio según la RN-06.2). | Receptor: NO_DOCUMENTADO"
ParkingSpaceReleasedEvent,Event,Evento disparado/escuchado,UC-ACC-20: Registrar Salida Manual desde Consola,Control de Acceso,NO_DOCUMENTADO,NO_DOCUMENTADO,N/A,N/A,DISPARADO_SIN_RECEPTOR_DOCUMENTADO,"Emisor: * `ParkingSpaceReleasedEvent` (Suma +1 al aforo, condicionado a que el `visitType` original haya consumido espacio). | Receptor: NO_DOCUMENTADO"
ParkingSpaceReleasedEvent,Event,Evento disparado/escuchado,UC-ACC-08: Registrar Salida de Visitante,Control de Acceso,NO_DOCUMENTADO,NO_DOCUMENTADO,N/A,N/A,DISPARADO_SIN_RECEPTOR_DOCUMENTADO,"Emisor: * `ParkingSpaceReleasedEvent` (Incrementa en 1 la disponibilidad en el contador de aforo del fraccionamiento, **únicamente** si el `visitType` original consumía espacio). | Receptor: NO_DOCUMENTADO"
EmergencyOverrideResolvedEvent,Event,Evento disparado/escuchado,UC-ACC-12: Justificar Contingencia Pendiente,Control de Acceso,NO_DOCUMENTADO,NO_DOCUMENTADO,N/A,N/A,DISPARADO_SIN_RECEPTOR_DOCUMENTADO,"Emisor: * **Eventos Disparados:** `EmergencyOverrideResolvedEvent` (Actualiza el estado del evento original en el `AuditLog` inmutable y, opcionalmente, dispara un reporte consolidado o alerta mitigada al `CommunityAdmin`). | Receptor: NO_DOCUMENTADO"
InvitationExpiredEvent,Event,Evento disparado/escuchado,UC-ACC-09: Invalidar Invitaciones Expiradas,Control de Acceso,NO_DOCUMENTADO,NO_DOCUMENTADO,N/A,N/A,DISPARADO_SIN_RECEPTOR_DOCUMENTADO,"Emisor: * **Eventos Disparados:** `InvitationExpiredEvent` (Principalmente para analítica del administrador. Por UX, **no** se envía notificación Push al residente ni al visitante para evitar *spam* en la madrugada). | Receptor: NO_DOCUMENTADO"
OfflineDepartureRegisteredEvent,Event,Evento disparado/escuchado,UC-ACC-10: Registrar Salida Offline,Control de Acceso,NO_DOCUMENTADO,NO_DOCUMENTADO,N/A,N/A,DISPARADO_SIN_RECEPTOR_DOCUMENTADO,Emisor: * **Eventos Disparados (Local):** `OfflineDepartureRegisteredEvent` (Activa el relé de la pluma y encola internamente un registro `DeferredAccessDTO` [Tipo: EXIT] con un UUID único). | Receptor: NO_DOCUMENTADO
OfflineAccessGrantedEvent,Event,Evento disparado/escuchado,UC-ACC-11: Validar Acceso Offline (Contingencia de Entrada / `ValidateTokenOfflineUseCase`),Control de Acceso,NO_DOCUMENTADO,NO_DOCUMENTADO,N/A,N/A,DISPARADO_SIN_RECEPTOR_DOCUMENTADO,Emisor: * **Eventos Disparados (Local):** `OfflineAccessGrantedEvent` (Activa el relé de la pluma de entrada y encola internamente un registro `DeferredAccessDTO` [Tipo: ENTRY] con un UUID único). | Receptor: NO_DOCUMENTADO
HardwareHeartbeatReceivedEvent,Event,Evento disparado/escuchado,UC-ACC-13: Sincronizar Estado Operativo Global (Heartbeat / `SyncOperationalStatusUseCase`),Control de Acceso,NO_DOCUMENTADO,NO_DOCUMENTADO,N/A,N/A,DISPARADO_SIN_RECEPTOR_DOCUMENTADO,"Emisor: * **Eventos Disparados:** `HardwareHeartbeatReceivedEvent` (Para que el panel de Axolote Solutions sepa que las tablets de Oaxaca, por ejemplo, están en línea). | Receptor: NO_DOCUMENTADO"
UserIdentityRegisteredEvent,Event,Evento disparado/escuchado,UC-IAM-01: Registrar Identidad Externa,Seguridad / IAM,NO_DOCUMENTADO,NO_DOCUMENTADO,N/A,N/A,DISPARADO_SIN_RECEPTOR_DOCUMENTADO,Emisor: * **Eventos Disparados:** `UserIdentityRegisteredEvent`. | Receptor: NO_DOCUMENTADO
NewStaffProvisionedEvent,Event,Evento disparado/escuchado,UC-IAM-02: Provisionar Nueva Cuenta de Personal,Seguridad / IAM,NO_DOCUMENTADO,NO_DOCUMENTADO,N/A,N/A,DISPARADO_SIN_RECEPTOR_DOCUMENTADO,Emisor: * **Eventos Disparados:** `NewStaffProvisionedEvent`. | Receptor: NO_DOCUMENTADO
ExistingStaffAssignedEvent,Event,Evento disparado/escuchado,UC-IAM-03: Asignar Comunidad a Personal Existente,Seguridad / IAM,NO_DOCUMENTADO,NO_DOCUMENTADO,N/A,N/A,DISPARADO_SIN_RECEPTOR_DOCUMENTADO,Emisor: * **Eventos Disparados:** `ExistingStaffAssignedEvent`. | Receptor: NO_DOCUMENTADO
SessionRevokedEvent,Event,Evento disparado/escuchado,UC-IAM-04: Revocar Sesión,Seguridad / IAM,NO_DOCUMENTADO,NO_DOCUMENTADO,N/A,N/A,DISPARADO_SIN_RECEPTOR_DOCUMENTADO,Emisor: * **Eventos Disparados:** `SessionRevokedEvent` (Para registros de auditoría de seguridad). | Receptor: NO_DOCUMENTADO
PushNotificationDispatchedEvent,Event,Evento disparado/escuchado,UC-NOT-01: Notificar Acceso a Residente,Notificaciones,NO_DOCUMENTADO,NO_DOCUMENTADO,N/A,N/A,DISPARADO_SIN_RECEPTOR_DOCUMENTADO,Emisor: * **Eventos Disparados:** `PushNotificationDispatchedEvent` o `PushNotificationFailedEvent`. | Receptor: NO_DOCUMENTADO
PushNotificationFailedEvent,Event,Evento disparado/escuchado,UC-NOT-01: Notificar Acceso a Residente,Notificaciones,NO_DOCUMENTADO,NO_DOCUMENTADO,N/A,N/A,DISPARADO_SIN_RECEPTOR_DOCUMENTADO,Emisor: * **Eventos Disparados:** `PushNotificationDispatchedEvent` o `PushNotificationFailedEvent`. | Receptor: NO_DOCUMENTADO
CriticalAlertDispatchedEvent,Event,Evento disparado/escuchado,UC-NOT-02: Despachar Alerta Crítica de Seguridad,Notificaciones,NO_DOCUMENTADO,NO_DOCUMENTADO,N/A,N/A,DISPARADO_SIN_RECEPTOR_DOCUMENTADO,Emisor: * **Eventos Disparados:** `CriticalAlertDispatchedEvent` (Para el registro inmutable en el Contexto de Auditoría). | Receptor: NO_DOCUMENTADO
ExitPushDispatchedEvent,Event,Evento disparado/escuchado,UC-NOT-03: Notificar Salida a Residente,Notificaciones,NO_DOCUMENTADO,NO_DOCUMENTADO,N/A,N/A,DISPARADO_SIN_RECEPTOR_DOCUMENTADO,Emisor: * **Eventos Disparados:** `ExitPushDispatchedEvent`. | Receptor: NO_DOCUMENTADO
AccessPassDispatchedEvent,Event,Evento disparado/escuchado,UC-NOT-04: Distribuir Pase de Acceso a Visitante,Notificaciones,NO_DOCUMENTADO,NO_DOCUMENTADO,N/A,N/A,DISPARADO_SIN_RECEPTOR_DOCUMENTADO,Emisor: * **Eventos Disparados:** `AccessPassDispatchedEvent` o `AccessPassDeliveryFailedEvent`. | Receptor: NO_DOCUMENTADO
CancellationPassDispatchedEvent,Event,Evento disparado/escuchado,UC-NOT-05: Notificar Cancelación de Pase de Acceso,Notificaciones,NO_DOCUMENTADO,NO_DOCUMENTADO,N/A,N/A,DISPARADO_SIN_RECEPTOR_DOCUMENTADO,Emisor: * **Eventos Disparados:** `CancellationPassDispatchedEvent`. | Receptor: NO_DOCUMENTADO
AccessPassResendDispatchedEvent,Event,Evento disparado/escuchado,UC-NOT-06: Despachar Reenvío de Pase de Acceso,Notificaciones,NO_DOCUMENTADO,NO_DOCUMENTADO,N/A,N/A,DISPARADO_SIN_RECEPTOR_DOCUMENTADO,Emisor: * **Eventos Disparados:** `AccessPassResendDispatchedEvent` o `AccessPassResendFailedEvent`. | Receptor: NO_DOCUMENTADO
AccessPassResendFailedEvent,Event,Evento disparado/escuchado,UC-NOT-06: Despachar Reenvío de Pase de Acceso,Notificaciones,NO_DOCUMENTADO,NO_DOCUMENTADO,N/A,N/A,DISPARADO_SIN_RECEPTOR_DOCUMENTADO,Emisor: * **Eventos Disparados:** `AccessPassResendDispatchedEvent` o `AccessPassResendFailedEvent`. | Receptor: NO_DOCUMENTADO
