Evento,Caso de uso Emisor,Módulo Emisor,Texto documentado,Receptor UC mencionado en texto,Receptor textual mencionado,Estado
CommunityProvisionedEvent,UC-SUS-01: Aprovisionar Nuevo Fraccionamiento,Suscripción,"* `CommunityProvisionedEvent` (Interceptado por el Contexto de Comunidad para ejecutar el **UC-COM-09: Inicializar Entorno de Comunidad**, el cual crea el registro raíz de la comunidad y fija la capacidad máxima permitida).",UC-COM-09: Inicializar Entorno de Comunidad,Comunidad; Contexto de Comunidad,DISPARADO_DOCUMENTADO
CommunityAdminAssignedEvent,UC-SUS-01: Aprovisionar Nuevo Fraccionamiento,Suscripción,"* `CommunityAdminAssignedEvent` (Interceptado por el Contexto IAM para ejecutar el **UC-IAM-02: Provisionar Cuenta de Personal**, el cual orquestará la creación o vinculación en el IdP y disparará el correo de bienvenida).",UC-IAM-02: Provisionar Cuenta de Personal,Contexto IAM; IAM,DISPARADO_DOCUMENTADO
SubscriptionPeriodExtendedEvent,UC-SUS-04: Registrar Pago Manual,Suscripción,* `SubscriptionPeriodExtendedEvent`: Se dispara siempre que el registro del pago sea exitoso para notificar la nueva vigencia financiera.,NO_DOCUMENTADO,NO_DOCUMENTADO,DISPARADO_DOCUMENTADO
SubscriptionReactivatedEvent,UC-SUS-04: Registrar Pago Manual,Suscripción,* `SubscriptionReactivatedEvent`: Se dispara **únicamente** si el estado previo de la comunidad era `SUSPENDED` y la nueva `paidThroughDate` resultante es estrictamente mayor a la fecha actual (`NOW`).,NO_DOCUMENTADO,NO_DOCUMENTADO,DISPARADO_DOCUMENTADO
GracePeriodGrantedEvent,UC-SUS-05: Reactivación Manual / Extensión de Gracia,Suscripción,* `GracePeriodGrantedEvent` (Registra en auditoría la acción excepcional para futuras revisiones).,NO_DOCUMENTADO,NO_DOCUMENTADO,DISPARADO_DOCUMENTADO
SubscriptionReactivatedEvent,UC-SUS-05: Reactivación Manual / Extensión de Gracia,Suscripción,* `SubscriptionReactivatedEvent` (Interceptado por el contexto de Accesos para levantar el Blackout y permitir que las plumas vuelvan a funcionar de inmediato).,NO_DOCUMENTADO,Accesos,DISPARADO_DOCUMENTADO
CommunityProfileUpdatedEvent,UC-SUS-10: Actualizar Datos Administrativos de Fraccionamiento,Suscripción,* `CommunityProfileUpdatedEvent` (Interceptado por el Contexto de Comunidad para sincronizar el nombre corregido en la interfaz de los residentes).,NO_DOCUMENTADO,Comunidad; Contexto de Comunidad,DISPARADO_DOCUMENTADO
SubscriptionSuspendedEvent,UC-SUS-11: Suspender Suscripción por Morosidad,Suscripción,"* `SubscriptionSuspendedEvent` (Este es el evento crítico que aplica el ""castigo"" comercial):",NO_DOCUMENTADO,NO_DOCUMENTADO,DISPARADO_DOCUMENTADO
CommunityOperationsStartedEvent,UC-SUS-12: Activar Comunidad Programada,Suscripción,* `CommunityOperationsStartedEvent`: (Evento crucial que notifica al Contexto de Accesos y de Comunidad que este fraccionamiento ya está legal y financieramente autorizado para comenzar a operar las casetas y utilizar el panel web).,NO_DOCUMENTADO,Accesos; Comunidad; Contexto de Accesos,DISPARADO_DOCUMENTADO
SubscriptionCanceledEvent,UC-SUS-14: Cancelar / Dar de Baja Fraccionamiento,Suscripción,* `SubscriptionCanceledEvent` (Interceptado por todos los demás contextos: *Accesos* bloquea el funcionamiento de casetas; *Comunidad* congela el panel administrativo; *IAM* **invalida obligatoriamente** todas las sesiones activas y tokens de acceso de los usuarios pertenecientes a dicho fraccionamiento).,NO_DOCUMENTADO,Accesos; Comunidad; IAM,DISPARADO_DOCUMENTADO
CommunitySettingsUpdatedEvent,UC-COM-01: Configurar Reglas de Comunidad,Gestión de Comunidad,"* `CommunitySettingsUpdatedEvent` (Notifica el cambio transportando los atributos de negocio clave como el `communityId`, el nuevo `timezone` y los límites operativos actualizados. Es vital para que el Contexto de Accesos, u otros microservicios, inicialicen o invaliden sus datos locales y adopten las nuevas reglas operativas).",NO_DOCUMENTADO,Accesos; Contexto de Accesos,DISPARADO_DOCUMENTADO
HouseModelRegisteredEvent,UC-COM-02: Registrar Modelo de Propiedad,Gestión de Comunidad,* **Eventos Disparados:** `HouseModelRegisteredEvent`.,NO_DOCUMENTADO,NO_DOCUMENTADO,DISPARADO_DOCUMENTADO
HouseRegisteredEvent,UC-COM-03: Registrar Unidad Privativa,Gestión de Comunidad,* **Eventos Disparados:** `HouseRegisteredEvent` (Contiene la firma del `performerId` para el log de auditoría).,NO_DOCUMENTADO,NO_DOCUMENTADO,DISPARADO_DOCUMENTADO
PrimaryResidentAssignedEvent,UC-COM-04: Asignar Residente Principal,Gestión de Comunidad,* **Eventos Disparados:** `PrimaryResidentAssignedEvent`.,NO_DOCUMENTADO,NO_DOCUMENTADO,DISPARADO_DOCUMENTADO
SecondaryResidentRegisteredEvent,UC-COM-05: Registrar Residente Secundario,Gestión de Comunidad,* **Eventos Disparados:** `SecondaryResidentRegisteredEvent`.,NO_DOCUMENTADO,NO_DOCUMENTADO,DISPARADO_DOCUMENTADO
ResidentRemovedEvent,UC-COM-06: Remover Residente,Gestión de Comunidad,"* **Eventos Disparados:** `ResidentRemovedEvent` (Crítico: El Contexto de Accesos debe escuchar este evento para cancelar automáticamente todas las invitaciones futuras generadas por este usuario, y el Contexto IAM para revocar sus tokens de sesión activa. *Nota sobre la emisión:* En caso de una remoción en cascada (RN-COM-06.2), el sistema emitirá eventos individuales independientes por cada usuario secundario removido, además del primario. Esto garantiza que los contextos consumidores no necesiten conocer la jerarquía de la casa para procesar las bajas).",NO_DOCUMENTADO,Accesos; Contexto IAM; Contexto de Accesos; IAM,DISPARADO_DOCUMENTADO
HouseOperationalStatusChangedEvent,UC-COM-07: Modificar Estado Operativo de Unidad Privativa,Gestión de Comunidad,"* `HouseOperationalStatusChangedEvent` (Evento de integración crítico. Contiene el `houseId`, el `previousStatus` y el `newStatus`. Se dispara hacia el bus de mensajes para que otros contextos reaccionen).",NO_DOCUMENTADO,NO_DOCUMENTADO,DISPARADO_DOCUMENTADO
HouseSuspendedNotificationEvent,UC-COM-07: Modificar Estado Operativo de Unidad Privativa,Gestión de Comunidad,"* `HouseSuspendedNotificationEvent` (Capturado por el adaptador móvil para enviar una alerta Push al residente: ""Su unidad ha sido suspendida administrativamente. Sus accesos han sido revocados"").",NO_DOCUMENTADO,adaptador móvil,DISPARADO_DOCUMENTADO
HouseRegisteredEvent,UC-COM-08: Generar Bloque de Unidades Privativas,Gestión de Comunidad,* **Eventos Disparados:** `HouseRegisteredEvent` (El sistema despachará un evento individual por cada casa creada exitosamente dentro del bloque para mantener la atomicidad en el log de auditoría).,NO_DOCUMENTADO,NO_DOCUMENTADO,DISPARADO_DOCUMENTADO
PrivacyOverrideAuditedEvent,UC-COM-10: Auditar Identidad de Visitante (Break-Glass Flow),Gestión de Comunidad,* `PrivacyOverrideAuditedEvent`: Registra de forma permanente en la bitácora global que el administrador rompió el protocolo de privacidad para ese registro específico y guarda su justificación.,NO_DOCUMENTADO,NO_DOCUMENTADO,DISPARADO_DOCUMENTADO
InvitationGeneratedEvent,UC-ACC-01: Generar Invitación de Acceso,Control de Acceso,* **Eventos Disparados:** `InvitationGeneratedEvent` (Capturado por el adaptador de notificaciones para enviar el WhatsApp/Email al visitante con su código y para actualizar la interfaz del residente).,NO_DOCUMENTADO,adaptador de notificaciones,DISPARADO_DOCUMENTADO
InvitationCanceledEvent,UC-ACC-02: Cancelar Invitación,Control de Acceso,* **Eventos Disparados:** `InvitationCanceledEvent` (Notifica al visitante que su código fue revocado y actualiza la UI de la app del residente).,NO_DOCUMENTADO,NO_DOCUMENTADO,DISPARADO_DOCUMENTADO
InvitationContactUpdatedEvent,UC-ACC-14: Actualizar Contacto de Invitación,Control de Acceso,* **Eventos Disparados:** `InvitationContactUpdatedEvent`.,NO_DOCUMENTADO,NO_DOCUMENTADO,DISPARADO_DOCUMENTADO
InvitationResendRequestedEvent,UC-ACC-15: Solicitar Reenvío de Invitación,Control de Acceso,"* **Eventos Disparados:** `InvitationResendRequestedEvent` (Viaja con el *payload* completo recuperado de la base de datos: QR, NIP, nombres, método de contacto y dirección).",NO_DOCUMENTADO,NO_DOCUMENTADO,DISPARADO_DOCUMENTADO
AccessGrantedEvent,UC-ACC-03: Registrar Entrada Online,Control de Acceso,"* `AccessGrantedEvent` (La `KioskApp` lo recibe para activar el relevador de la pluma; el backend dispara la notificación Push de ""Tu visita ha llegado"" al residente).",NO_DOCUMENTADO,NO_DOCUMENTADO,DISPARADO_DOCUMENTADO
AccessDeniedEvent,UC-ACC-03: Registrar Entrada Online,Control de Acceso,* `AccessDeniedEvent` (Se registra el intento fallido en el `AuditLog` por motivos de seguridad).,NO_DOCUMENTADO,NO_DOCUMENTADO,DISPARADO_DOCUMENTADO
DeferredAccessesProcessedEvent,UC-ACC-05: Procesar Eventos Diferidos,Control de Acceso,* `DeferredAccessesProcessedEvent` (Ajusta el aforo global del fraccionamiento).,NO_DOCUMENTADO,NO_DOCUMENTADO,DISPARADO_DOCUMENTADO
AccessGrantedEvent,UC-ACC-05: Procesar Eventos Diferidos,Control de Acceso,* Versiones diferidas de `AccessGrantedEvent` o `DepartureRegisteredEvent` para notificar llegadas o salidas en atraso.,NO_DOCUMENTADO,NO_DOCUMENTADO,DISPARADO_DOCUMENTADO
DepartureRegisteredEvent,UC-ACC-05: Procesar Eventos Diferidos,Control de Acceso,* Versiones diferidas de `AccessGrantedEvent` o `DepartureRegisteredEvent` para notificar llegadas o salidas en atraso.,NO_DOCUMENTADO,NO_DOCUMENTADO,DISPARADO_DOCUMENTADO
OfflineOverrideAlertEvent,UC-ACC-05: Procesar Eventos Diferidos,Control de Acceso,* `OfflineOverrideAlertEvent` (Condicional: Se dispara únicamente si el sistema detecta que un visitante ingresó físicamente usando un código que ya había sido cancelado en la nube. Detona una comunicación de transparencia hacia el residente).,NO_DOCUMENTADO,NO_DOCUMENTADO,DISPARADO_DOCUMENTADO
ManualAccessGrantedEvent,UC-ACC-06: Registrar Llegada Sorpresa,Control de Acceso,* `ManualAccessGrantedEvent` (La `GuardConsole` lo envía a la `KioskApp` vía red local o API para abrir la barrera física).,NO_DOCUMENTADO,NO_DOCUMENTADO,DISPARADO_DOCUMENTADO
UnscheduledVisitAlertEvent,UC-ACC-06: Registrar Llegada Sorpresa,Control de Acceso,"* `UnscheduledVisitAlertEvent` (Dispara una notificación Push urgente y/o un correo al `PrimaryResident` y `SecondaryResidents` indicando: *""Visita sorpresa registrada en caseta""*).",NO_DOCUMENTADO,NO_DOCUMENTADO,DISPARADO_DOCUMENTADO
ParkingSpaceReservedEvent,UC-ACC-06: Registrar Llegada Sorpresa,Control de Acceso,"* `ParkingSpaceReservedEvent` (Actualiza el contador global de aforo, condicionado a que el `visitType` consuma espacio según la RN-06.2).",NO_DOCUMENTADO,NO_DOCUMENTADO,DISPARADO_DOCUMENTADO
EmergencyOverrideTriggeredEvent,UC-ACC-07: Ejecutar Apertura de Contingencia,Control de Acceso,"* `EmergencyOverrideTriggeredEvent` (Abre la pluma, guarda el registro inicial y levanta una alerta temporal en el dashboard del `CommunityAdmin`: *""Apertura de emergencia en progreso""*).",NO_DOCUMENTADO,NO_DOCUMENTADO,DISPARADO_DOCUMENTADO
DepartureRegisteredEvent,UC-ACC-20: Registrar Salida Manual desde Consola,Control de Acceso,* `DepartureRegisteredEvent` (Notifica al residente sobre la salida).,NO_DOCUMENTADO,NO_DOCUMENTADO,DISPARADO_DOCUMENTADO
ParkingSpaceReleasedEvent,UC-ACC-20: Registrar Salida Manual desde Consola,Control de Acceso,"* `ParkingSpaceReleasedEvent` (Suma +1 al aforo, condicionado a que el `visitType` original haya consumido espacio).",NO_DOCUMENTADO,NO_DOCUMENTADO,DISPARADO_DOCUMENTADO
ManualAccessGrantedEvent,UC-ACC-20: Registrar Salida Manual desde Consola,Control de Acceso,* `ManualAccessGrantedEvent` (Comando a nivel de hardware para levantar la pluma de salida).,NO_DOCUMENTADO,NO_DOCUMENTADO,DISPARADO_DOCUMENTADO
EmergencyOverrideResolvedEvent,UC-ACC-12: Justificar Contingencia Pendiente,Control de Acceso,"* **Eventos Disparados:** `EmergencyOverrideResolvedEvent` (Actualiza el estado del evento original en el `AuditLog` inmutable y, opcionalmente, dispara un reporte consolidado o alerta mitigada al `CommunityAdmin`).",NO_DOCUMENTADO,NO_DOCUMENTADO,DISPARADO_DOCUMENTADO
DepartureRegisteredEvent,UC-ACC-08: Registrar Salida de Visitante,Control de Acceso,* `DepartureRegisteredEvent` (Notifica al `PrimaryResident` que su visita se ha retirado).,NO_DOCUMENTADO,NO_DOCUMENTADO,DISPARADO_DOCUMENTADO
ParkingSpaceReleasedEvent,UC-ACC-08: Registrar Salida de Visitante,Control de Acceso,"* `ParkingSpaceReleasedEvent` (Incrementa en 1 la disponibilidad en el contador de aforo del fraccionamiento, **únicamente** si el `visitType` original consumía espacio).",NO_DOCUMENTADO,NO_DOCUMENTADO,DISPARADO_DOCUMENTADO
InvitationExpiredEvent,UC-ACC-09: Invalidar Invitaciones Expiradas,Control de Acceso,"* **Eventos Disparados:** `InvitationExpiredEvent` (Principalmente para analítica del administrador. Por UX, **no** se envía notificación Push al residente ni al visitante para evitar *spam* en la madrugada).",NO_DOCUMENTADO,NO_DOCUMENTADO,DISPARADO_DOCUMENTADO
OfflineDepartureRegisteredEvent,UC-ACC-10: Registrar Salida Offline,Control de Acceso,* **Eventos Disparados (Local):** `OfflineDepartureRegisteredEvent` (Activa el relé de la pluma y encola internamente un registro `DeferredAccessDTO` [Tipo: EXIT] con un UUID único).,NO_DOCUMENTADO,NO_DOCUMENTADO,DISPARADO_DOCUMENTADO
OfflineAccessGrantedEvent,UC-ACC-11: Validar Acceso Offline (Contingencia de Entrada / `ValidateTokenOfflineUseCase`),Control de Acceso,* **Eventos Disparados (Local):** `OfflineAccessGrantedEvent` (Activa el relé de la pluma de entrada y encola internamente un registro `DeferredAccessDTO` [Tipo: ENTRY] con un UUID único).,NO_DOCUMENTADO,NO_DOCUMENTADO,DISPARADO_DOCUMENTADO
HardwareHeartbeatReceivedEvent,UC-ACC-13: Sincronizar Estado Operativo Global (Heartbeat / `SyncOperationalStatusUseCase`),Control de Acceso,"* **Eventos Disparados:** `HardwareHeartbeatReceivedEvent` (Para que el panel de Axolote Solutions sepa que las tablets de Oaxaca, por ejemplo, están en línea).",NO_DOCUMENTADO,NO_DOCUMENTADO,DISPARADO_DOCUMENTADO
UserIdentityRegisteredEvent,UC-IAM-01: Registrar Identidad Externa,Seguridad / IAM,* **Eventos Disparados:** `UserIdentityRegisteredEvent`.,NO_DOCUMENTADO,NO_DOCUMENTADO,DISPARADO_DOCUMENTADO
NewStaffProvisionedEvent,UC-IAM-02: Provisionar Nueva Cuenta de Personal,Seguridad / IAM,* **Eventos Disparados:** `NewStaffProvisionedEvent`.,NO_DOCUMENTADO,NO_DOCUMENTADO,DISPARADO_DOCUMENTADO
ExistingStaffAssignedEvent,UC-IAM-03: Asignar Comunidad a Personal Existente,Seguridad / IAM,* **Eventos Disparados:** `ExistingStaffAssignedEvent`.,NO_DOCUMENTADO,NO_DOCUMENTADO,DISPARADO_DOCUMENTADO
SessionRevokedEvent,UC-IAM-04: Revocar Sesión,Seguridad / IAM,* **Eventos Disparados:** `SessionRevokedEvent` (Para registros de auditoría de seguridad).,NO_DOCUMENTADO,NO_DOCUMENTADO,DISPARADO_DOCUMENTADO
PushNotificationDispatchedEvent,UC-NOT-01: Notificar Acceso a Residente,Notificaciones,* **Eventos Disparados:** `PushNotificationDispatchedEvent` o `PushNotificationFailedEvent`.,NO_DOCUMENTADO,NO_DOCUMENTADO,DISPARADO_DOCUMENTADO
PushNotificationFailedEvent,UC-NOT-01: Notificar Acceso a Residente,Notificaciones,* **Eventos Disparados:** `PushNotificationDispatchedEvent` o `PushNotificationFailedEvent`.,NO_DOCUMENTADO,NO_DOCUMENTADO,DISPARADO_DOCUMENTADO
CriticalAlertDispatchedEvent,UC-NOT-02: Despachar Alerta Crítica de Seguridad,Notificaciones,* **Eventos Disparados:** `CriticalAlertDispatchedEvent` (Para el registro inmutable en el Contexto de Auditoría).,NO_DOCUMENTADO,NO_DOCUMENTADO,DISPARADO_DOCUMENTADO
ExitPushDispatchedEvent,UC-NOT-03: Notificar Salida a Residente,Notificaciones,* **Eventos Disparados:** `ExitPushDispatchedEvent`.,NO_DOCUMENTADO,NO_DOCUMENTADO,DISPARADO_DOCUMENTADO
AccessPassDispatchedEvent,UC-NOT-04: Distribuir Pase de Acceso a Visitante,Notificaciones,* **Eventos Disparados:** `AccessPassDispatchedEvent` o `AccessPassDeliveryFailedEvent`.,NO_DOCUMENTADO,NO_DOCUMENTADO,DISPARADO_DOCUMENTADO
AccessPassDeliveryFailedEvent,UC-NOT-04: Distribuir Pase de Acceso a Visitante,Notificaciones,* **Eventos Disparados:** `AccessPassDispatchedEvent` o `AccessPassDeliveryFailedEvent`.,NO_DOCUMENTADO,NO_DOCUMENTADO,DISPARADO_DOCUMENTADO
CancellationPassDispatchedEvent,UC-NOT-05: Notificar Cancelación de Pase de Acceso,Notificaciones,* **Eventos Disparados:** `CancellationPassDispatchedEvent`.,NO_DOCUMENTADO,NO_DOCUMENTADO,DISPARADO_DOCUMENTADO
AccessPassResendDispatchedEvent,UC-NOT-06: Despachar Reenvío de Pase de Acceso,Notificaciones,* **Eventos Disparados:** `AccessPassResendDispatchedEvent` o `AccessPassResendFailedEvent`.,NO_DOCUMENTADO,NO_DOCUMENTADO,DISPARADO_DOCUMENTADO
AccessPassResendFailedEvent,UC-NOT-06: Despachar Reenvío de Pase de Acceso,Notificaciones,* **Eventos Disparados:** `AccessPassResendDispatchedEvent` o `AccessPassResendFailedEvent`.,NO_DOCUMENTADO,NO_DOCUMENTADO,DISPARADO_DOCUMENTADO
