Mensaje,Tipo,Caso de uso Receptor,Módulo Receptor,Origen declarado actualmente,Superficie frontend esperada,Caso de uso Emisor actual,Tipo de emisor faltante,Caso de uso frontend sugerido,Estado,Observaciones
ProvisionCommunityCommand,Command,UC-SUS-01: Aprovisionar Nuevo Fraccionamiento,Suscripción,SystemAdmin vía Backoffice/API,Backoffice UI,PENDIENTE,FrontendUseCase,FE-SUS-01: ProvisionCommunity,FALTA_CASO_USO_FRONTEND_EMISOR,No se asume que exista. Debe formalizarse si se quiere trazabilidad completa productor → consumidor.
GetCommunitiesQuery,Query,UC-SUS-02: Consultar Directorio de Fraccionamientos,Suscripción,SystemAdmin vía Backoffice/API,Backoffice UI,PENDIENTE,FrontendUseCase,FE-SUS-02: GetCommunities,FALTA_CASO_USO_FRONTEND_EMISOR,No se asume que exista. Debe formalizarse si se quiere trazabilidad completa productor → consumidor.
GetCommunityDetailQuery,Query,UC-SUS-03: Consultar Detalle y Estado de Cuenta de Fraccionamiento,Suscripción,SystemAdmin vía Backoffice/API,Backoffice UI,PENDIENTE,FrontendUseCase,FE-SUS-03: GetCommunityDetail,FALTA_CASO_USO_FRONTEND_EMISOR,No se asume que exista. Debe formalizarse si se quiere trazabilidad completa productor → consumidor.
RegisterManualPaymentCommand,Command,UC-SUS-04: Registrar Pago Manual,Suscripción,SystemAdmin vía Backoffice/API,Backoffice UI,PENDIENTE,FrontendUseCase,FE-SUS-04: RegisterManualPayment,FALTA_CASO_USO_FRONTEND_EMISOR,No se asume que exista. Debe formalizarse si se quiere trazabilidad completa productor → consumidor.
GrantGracePeriodCommand,Command,UC-SUS-05: Reactivación Manual / Extensión de Gracia,Suscripción,SystemAdmin vía Backoffice/API,Backoffice UI,PENDIENTE,FrontendUseCase,FE-SUS-05: GrantGracePeriod,FALTA_CASO_USO_FRONTEND_EMISOR,No se asume que exista. Debe formalizarse si se quiere trazabilidad completa productor → consumidor.
GetMyBillingProfileQuery,Query,UC-SUS-09: Consultar Mi Estado de Facturación,Suscripción,CommunityAdmin vía Panel/API,Panel Administrativo Comunidad,PENDIENTE,FrontendUseCase,FE-SUS-01: GetMyBillingProfile,FALTA_CASO_USO_FRONTEND_EMISOR,No se asume que exista. Debe formalizarse si se quiere trazabilidad completa productor → consumidor.
UpdateCommunityProfileCommand,Command,UC-SUS-10: Actualizar Datos Administrativos de Fraccionamiento,Suscripción,SystemAdmin vía Backoffice/API,Backoffice UI,PENDIENTE,FrontendUseCase,FE-SUS-06: UpdateCommunityProfile,FALTA_CASO_USO_FRONTEND_EMISOR,No se asume que exista. Debe formalizarse si se quiere trazabilidad completa productor → consumidor.
SuspendSubscriptionCommand,Command,UC-SUS-11: Suspender Suscripción por Morosidad,Suscripción,SystemAdmin vía Backoffice/API,Backoffice UI,PENDIENTE,FrontendUseCase,FE-SUS-07: SuspendSubscription,FALTA_CASO_USO_FRONTEND_EMISOR,No se asume que exista. Debe formalizarse si se quiere trazabilidad completa productor → consumidor.
GetManualPaymentReferenceQuery,Query,UC-SUS-13: Consultar Referencia de Pago Manual,Suscripción,CommunityAdmin vía Panel/API,Panel Administrativo Comunidad,PENDIENTE,FrontendUseCase,FE-SUS-02: GetManualPaymentReference,FALTA_CASO_USO_FRONTEND_EMISOR,No se asume que exista. Debe formalizarse si se quiere trazabilidad completa productor → consumidor.
CancelSubscriptionCommand,Command,UC-SUS-14: Cancelar / Dar de Baja Fraccionamiento,Suscripción,SystemAdmin vía Backoffice/API,Backoffice UI,PENDIENTE,FrontendUseCase,FE-SUS-08: CancelSubscription,FALTA_CASO_USO_FRONTEND_EMISOR,No se asume que exista. Debe formalizarse si se quiere trazabilidad completa productor → consumidor.
ConfigureCommunityCommand,Command,UC-COM-01: Configurar Reglas de Comunidad,Gestión de Comunidad,CommunityAdmin vía Panel/API,Panel Administrativo Comunidad,PENDIENTE,FrontendUseCase,FE-COM-01: ConfigureCommunity,FALTA_CASO_USO_FRONTEND_EMISOR,No se asume que exista. Debe formalizarse si se quiere trazabilidad completa productor → consumidor.
RegisterHouseModelCommand,Command,UC-COM-02: Registrar Modelo de Propiedad,Gestión de Comunidad,CommunityAdmin vía Panel/API,Panel Administrativo Comunidad,PENDIENTE,FrontendUseCase,FE-COM-02: RegisterHouseModel,FALTA_CASO_USO_FRONTEND_EMISOR,No se asume que exista. Debe formalizarse si se quiere trazabilidad completa productor → consumidor.
RegisterHouseCommand,Command,UC-COM-03: Registrar Unidad Privativa,Gestión de Comunidad,CommunityAdmin vía Panel/API,Panel Administrativo Comunidad,PENDIENTE,FrontendUseCase,FE-COM-03: RegisterHouse,FALTA_CASO_USO_FRONTEND_EMISOR,No se asume que exista. Debe formalizarse si se quiere trazabilidad completa productor → consumidor.
AssignPrimaryResidentCommand,Command,UC-COM-04: Asignar Residente Principal,Gestión de Comunidad,CommunityAdmin vía Panel/API,Panel Administrativo Comunidad,PENDIENTE,FrontendUseCase,FE-COM-04: AssignPrimaryResident,FALTA_CASO_USO_FRONTEND_EMISOR,No se asume que exista. Debe formalizarse si se quiere trazabilidad completa productor → consumidor.
RegisterSecondaryResidentCommand,Command,UC-COM-05: Registrar Residente Secundario,Gestión de Comunidad,PrimaryResident vía App/API,App Residente,PENDIENTE,FrontendUseCase,FE-COM-01: RegisterSecondaryResident,FALTA_CASO_USO_FRONTEND_EMISOR,No se asume que exista. Debe formalizarse si se quiere trazabilidad completa productor → consumidor.
RegisterSecondaryResidentCommand,Command,UC-COM-05: Registrar Residente Secundario,Gestión de Comunidad,CommunityAdmin vía Panel/API,Panel Administrativo Comunidad,PENDIENTE,FrontendUseCase,FE-COM-05: RegisterSecondaryResident,FALTA_CASO_USO_FRONTEND_EMISOR,No se asume que exista. Debe formalizarse si se quiere trazabilidad completa productor → consumidor.
RemoveResidentCommand,Command,UC-COM-06: Remover Residente,Gestión de Comunidad,PrimaryResident vía App/API,App Residente,PENDIENTE,FrontendUseCase,FE-COM-02: RemoveResident,FALTA_CASO_USO_FRONTEND_EMISOR,No se asume que exista. Debe formalizarse si se quiere trazabilidad completa productor → consumidor.
RemoveResidentCommand,Command,UC-COM-06: Remover Residente,Gestión de Comunidad,CommunityAdmin vía Panel/API,Panel Administrativo Comunidad,PENDIENTE,FrontendUseCase,FE-COM-06: RemoveResident,FALTA_CASO_USO_FRONTEND_EMISOR,No se asume que exista. Debe formalizarse si se quiere trazabilidad completa productor → consumidor.
ChangeHouseOperationalStatusCommand,Command,UC-COM-07: Modificar Estado Operativo de Unidad Privativa,Gestión de Comunidad,CommunityAdmin vía Panel/API,Panel Administrativo Comunidad,PENDIENTE,FrontendUseCase,FE-COM-07: ChangeHouseOperationalStatus,FALTA_CASO_USO_FRONTEND_EMISOR,No se asume que exista. Debe formalizarse si se quiere trazabilidad completa productor → consumidor.
GenerateHouseBlockCommand,Command,UC-COM-08: Generar Bloque de Unidades Privativas,Gestión de Comunidad,CommunityAdmin vía Panel/API,Panel Administrativo Comunidad,PENDIENTE,FrontendUseCase,FE-COM-08: GenerateHouseBlock,FALTA_CASO_USO_FRONTEND_EMISOR,No se asume que exista. Debe formalizarse si se quiere trazabilidad completa productor → consumidor.
RevealVisitorIdentityCommand,Command,UC-COM-10: Auditar Identidad de Visitante,Gestión de Comunidad,CommunityAdmin vía Panel/API,Panel Administrativo Comunidad,PENDIENTE,FrontendUseCase,FE-COM-09: RevealVisitorIdentity,FALTA_CASO_USO_FRONTEND_EMISOR,No se asume que exista. Debe formalizarse si se quiere trazabilidad completa productor → consumidor.
GenerateInvitationCommand,Command,UC-ACC-01: Generar Invitación de Acceso,Control de Acceso,Resident vía App/API,App Residente,PENDIENTE,FrontendUseCase,FE-ACC-01: GenerateInvitation,FALTA_CASO_USO_FRONTEND_EMISOR,No se asume que exista. Debe formalizarse si se quiere trazabilidad completa productor → consumidor.
CancelInvitationCommand,Command,UC-ACC-02: Cancelar Invitación,Control de Acceso,Resident vía App/API,App Residente,PENDIENTE,FrontendUseCase,FE-ACC-02: CancelInvitation,FALTA_CASO_USO_FRONTEND_EMISOR,No se asume que exista. Debe formalizarse si se quiere trazabilidad completa productor → consumidor.
RegisterUnscheduledVisitCommand,Command,UC-ACC-06: Registrar Llegada Sorpresa,Control de Acceso,SecurityGuard vía GuardConsole,Guard Console,PENDIENTE,FrontendUseCase,FE-ACC-01: RegisterUnscheduledVisit,FALTA_CASO_USO_FRONTEND_EMISOR,No se asume que exista. Debe formalizarse si se quiere trazabilidad completa productor → consumidor.
TriggerEmergencyOverrideCommand,Command,UC-ACC-07: Ejecutar Apertura de Contingencia,Control de Acceso,SecurityGuard vía GuardConsole,Guard Console,PENDIENTE,FrontendUseCase,FE-ACC-02: TriggerEmergencyOverride,FALTA_CASO_USO_FRONTEND_EMISOR,No se asume que exista. Debe formalizarse si se quiere trazabilidad completa productor → consumidor.
RegisterDepartureCommand,Command,UC-ACC-08: Registrar Salida de Visitante,Control de Acceso,SecurityGuard vía GuardConsole,Guard Console,PENDIENTE,FrontendUseCase,FE-ACC-03: RegisterDeparture,FALTA_CASO_USO_FRONTEND_EMISOR,No se asume que exista. Debe formalizarse si se quiere trazabilidad completa productor → consumidor.
ResolveEmergencyOverrideCommand,Command,UC-ACC-12: Justificar Contingencia Pendiente,Control de Acceso,SecurityGuard vía GuardConsole,Guard Console,PENDIENTE,FrontendUseCase,FE-ACC-04: ResolveEmergencyOverride,FALTA_CASO_USO_FRONTEND_EMISOR,No se asume que exista. Debe formalizarse si se quiere trazabilidad completa productor → consumidor.
UpdateInvitationContactCommand,Command,UC-ACC-14: Actualizar Contacto de Invitación,Control de Acceso,Resident vía App/API,App Residente,PENDIENTE,FrontendUseCase,FE-ACC-03: UpdateInvitationContact,FALTA_CASO_USO_FRONTEND_EMISOR,No se asume que exista. Debe formalizarse si se quiere trazabilidad completa productor → consumidor.
RequestInvitationResendCommand,Command,UC-ACC-15: Solicitar Reenvío de Invitación,Control de Acceso,Resident vía App/API,App Residente,PENDIENTE,FrontendUseCase,FE-ACC-04: RequestInvitationResend,FALTA_CASO_USO_FRONTEND_EMISOR,No se asume que exista. Debe formalizarse si se quiere trazabilidad completa productor → consumidor.
GetActiveInvitationsQuery,Query,UC-ACC-16: Consultar Mis Invitaciones Activas,Control de Acceso,Resident vía App/API,App Residente,PENDIENTE,FrontendUseCase,FE-ACC-05: GetActiveInvitations,FALTA_CASO_USO_FRONTEND_EMISOR,No se asume que exista. Debe formalizarse si se quiere trazabilidad completa productor → consumidor.
GetInvitationDetailQuery,Query,UC-ACC-17: Consultar Detalle de Invitación,Control de Acceso,Resident vía App/API,App Residente,PENDIENTE,FrontendUseCase,FE-ACC-06: GetInvitationDetail,FALTA_CASO_USO_FRONTEND_EMISOR,No se asume que exista. Debe formalizarse si se quiere trazabilidad completa productor → consumidor.
GetInvitationHistoryQuery,Query,UC-ACC-18: Consultar Historial de Invitaciones,Control de Acceso,Resident vía App/API,App Residente,PENDIENTE,FrontendUseCase,FE-ACC-07: GetInvitationHistory,FALTA_CASO_USO_FRONTEND_EMISOR,No se asume que exista. Debe formalizarse si se quiere trazabilidad completa productor → consumidor.
RegisterManualDepartureCommand,Command,UC-ACC-20: Registrar Salida Manual desde Consola,Control de Acceso,SecurityGuard vía GuardConsole,Guard Console,PENDIENTE,FrontendUseCase,FE-ACC-05: RegisterManualDeparture,FALTA_CASO_USO_FRONTEND_EMISOR,No se asume que exista. Debe formalizarse si se quiere trazabilidad completa productor → consumidor.
ProvisionNewStaffAccountCommand,Command,UC-IAM-02: Provisionar Nueva Cuenta de Personal,Seguridad / IAM,SystemAdmin vía Backoffice/API,Backoffice UI,PENDIENTE,FrontendUseCase,FE-IAM-01: ProvisionNewStaffAccount,FALTA_CASO_USO_FRONTEND_EMISOR,No se asume que exista. Debe formalizarse si se quiere trazabilidad completa productor → consumidor.
ProvisionNewStaffAccountCommand,Command,UC-IAM-02: Provisionar Nueva Cuenta de Personal,Seguridad / IAM,CommunityAdmin vía Panel/API,Panel Administrativo Comunidad,PENDIENTE,FrontendUseCase,FE-IAM-01: ProvisionNewStaffAccount,FALTA_CASO_USO_FRONTEND_EMISOR,No se asume que exista. Debe formalizarse si se quiere trazabilidad completa productor → consumidor.
AssignCommunityToStaffCommand,Command,UC-IAM-03: Asignar Comunidad a Personal Existente,Seguridad / IAM,SystemAdmin vía Backoffice/API,Backoffice UI,PENDIENTE,FrontendUseCase,FE-IAM-02: AssignCommunityToStaff,FALTA_CASO_USO_FRONTEND_EMISOR,No se asume que exista. Debe formalizarse si se quiere trazabilidad completa productor → consumidor.
AssignCommunityToStaffCommand,Command,UC-IAM-03: Asignar Comunidad a Personal Existente,Seguridad / IAM,CommunityAdmin vía Panel/API,Panel Administrativo Comunidad,PENDIENTE,FrontendUseCase,FE-IAM-02: AssignCommunityToStaff,FALTA_CASO_USO_FRONTEND_EMISOR,No se asume que exista. Debe formalizarse si se quiere trazabilidad completa productor → consumidor.
RevokeSessionCommand,Command,UC-IAM-04: Revocar Sesión,Seguridad / IAM,Usuario vía App/API,App Residente,PENDIENTE,FrontendUseCase,FE-IAM-01: RevokeSession,FALTA_CASO_USO_FRONTEND_EMISOR,No se asume que exista. Debe formalizarse si se quiere trazabilidad completa productor → consumidor.
RevokeSessionCommand,Command,UC-IAM-04: Revocar Sesión,Seguridad / IAM,SystemAdmin vía Backoffice/API,Backoffice UI,PENDIENTE,FrontendUseCase,FE-IAM-03: RevokeSession,FALTA_CASO_USO_FRONTEND_EMISOR,No se asume que exista. Debe formalizarse si se quiere trazabilidad completa productor → consumidor.
