Mensaje,Tipo,Caso de uso Receptor,Módulo Receptor,Origen declarado actualmente,Tipo de origen actual,Caso de uso Emisor actual,Tipo de emisor faltante,Superficie / subsistema esperado,Estado,Observaciones
ProvisionCommunityCommand,Command,UC-SUS-01: Aprovisionar Nuevo Fraccionamiento,Suscripción,SystemAdmin vía Backoffice/API,Actor/API,PENDIENTE,FrontendUseCase,Backoffice UI,FALTA_CASO_USO_EMISOR_FORMAL,"La fuente funcional existe como actor, scheduler, hardware o sistema externo, pero no como caso de uso formalizado."
GetCommunitiesQuery,Query,UC-SUS-02: Consultar Directorio de Fraccionamientos,Suscripción,SystemAdmin vía Backoffice/API,Actor/API,PENDIENTE,FrontendUseCase,Backoffice UI,FALTA_CASO_USO_EMISOR_FORMAL,"La fuente funcional existe como actor, scheduler, hardware o sistema externo, pero no como caso de uso formalizado."
GetCommunityDetailQuery,Query,UC-SUS-03: Consultar Detalle y Estado de Cuenta de Fraccionamiento,Suscripción,SystemAdmin vía Backoffice/API,Actor/API,PENDIENTE,FrontendUseCase,Backoffice UI,FALTA_CASO_USO_EMISOR_FORMAL,"La fuente funcional existe como actor, scheduler, hardware o sistema externo, pero no como caso de uso formalizado."
RegisterManualPaymentCommand,Command,UC-SUS-04: Registrar Pago Manual,Suscripción,SystemAdmin vía Backoffice/API,Actor/API,PENDIENTE,FrontendUseCase,Backoffice UI,FALTA_CASO_USO_EMISOR_FORMAL,"La fuente funcional existe como actor, scheduler, hardware o sistema externo, pero no como caso de uso formalizado."
GrantGracePeriodCommand,Command,UC-SUS-05: Reactivación Manual / Extensión de Gracia,Suscripción,SystemAdmin vía Backoffice/API,Actor/API,PENDIENTE,FrontendUseCase,Backoffice UI,FALTA_CASO_USO_EMISOR_FORMAL,"La fuente funcional existe como actor, scheduler, hardware o sistema externo, pero no como caso de uso formalizado."
GetMyBillingProfileQuery,Query,UC-SUS-09: Consultar Mi Estado de Facturación,Suscripción,CommunityAdmin vía Panel/API,Actor/API,PENDIENTE,FrontendUseCase,Panel Administrativo Comunidad,FALTA_CASO_USO_EMISOR_FORMAL,"La fuente funcional existe como actor, scheduler, hardware o sistema externo, pero no como caso de uso formalizado."
UpdateCommunityProfileCommand,Command,UC-SUS-10: Actualizar Datos Administrativos de Fraccionamiento,Suscripción,SystemAdmin vía Backoffice/API,Actor/API,PENDIENTE,FrontendUseCase,Backoffice UI,FALTA_CASO_USO_EMISOR_FORMAL,"La fuente funcional existe como actor, scheduler, hardware o sistema externo, pero no como caso de uso formalizado."
SuspendSubscriptionCommand,Command,UC-SUS-11: Suspender Suscripción por Morosidad,Suscripción,Cron job diario,Scheduler/Worker,PENDIENTE,SchedulerUseCase,Scheduler / Worker,FALTA_CASO_USO_EMISOR_FORMAL,"La fuente funcional existe como actor, scheduler, hardware o sistema externo, pero no como caso de uso formalizado."
SuspendSubscriptionCommand,Command,UC-SUS-11: Suspender Suscripción por Morosidad,Suscripción,SystemAdmin vía Backoffice/API,Actor/API,PENDIENTE,FrontendUseCase,Backoffice UI,FALTA_CASO_USO_EMISOR_FORMAL,"La fuente funcional existe como actor, scheduler, hardware o sistema externo, pero no como caso de uso formalizado."
ActivateScheduledCommunityCommand,Command,UC-SUS-12: Activar Comunidad Programada,Suscripción,Cron job diario,Scheduler/Worker,PENDIENTE,SchedulerUseCase,Scheduler / Worker,FALTA_CASO_USO_EMISOR_FORMAL,"La fuente funcional existe como actor, scheduler, hardware o sistema externo, pero no como caso de uso formalizado."
GetManualPaymentReferenceQuery,Query,UC-SUS-13: Consultar Referencia de Pago Manual,Suscripción,CommunityAdmin vía Panel/API,Actor/API,PENDIENTE,FrontendUseCase,Panel Administrativo Comunidad,FALTA_CASO_USO_EMISOR_FORMAL,"La fuente funcional existe como actor, scheduler, hardware o sistema externo, pero no como caso de uso formalizado."
CancelSubscriptionCommand,Command,UC-SUS-14: Cancelar / Dar de Baja Fraccionamiento,Suscripción,SystemAdmin vía Backoffice/API,Actor/API,PENDIENTE,FrontendUseCase,Backoffice UI,FALTA_CASO_USO_EMISOR_FORMAL,"La fuente funcional existe como actor, scheduler, hardware o sistema externo, pero no como caso de uso formalizado."
ConfigureCommunityCommand,Command,UC-COM-01: Configurar Reglas de Comunidad,Gestión de Comunidad,CommunityAdmin vía Panel/API,Actor/API,PENDIENTE,FrontendUseCase,Panel Administrativo Comunidad,FALTA_CASO_USO_EMISOR_FORMAL,"La fuente funcional existe como actor, scheduler, hardware o sistema externo, pero no como caso de uso formalizado."
RegisterHouseModelCommand,Command,UC-COM-02: Registrar Modelo de Propiedad,Gestión de Comunidad,CommunityAdmin vía Panel/API,Actor/API,PENDIENTE,FrontendUseCase,Panel Administrativo Comunidad,FALTA_CASO_USO_EMISOR_FORMAL,"La fuente funcional existe como actor, scheduler, hardware o sistema externo, pero no como caso de uso formalizado."
RegisterHouseCommand,Command,UC-COM-03: Registrar Unidad Privativa,Gestión de Comunidad,CommunityAdmin vía Panel/API,Actor/API,PENDIENTE,FrontendUseCase,Panel Administrativo Comunidad,FALTA_CASO_USO_EMISOR_FORMAL,"La fuente funcional existe como actor, scheduler, hardware o sistema externo, pero no como caso de uso formalizado."
AssignPrimaryResidentCommand,Command,UC-COM-04: Asignar Residente Principal,Gestión de Comunidad,CommunityAdmin vía Panel/API,Actor/API,PENDIENTE,FrontendUseCase,Panel Administrativo Comunidad,FALTA_CASO_USO_EMISOR_FORMAL,"La fuente funcional existe como actor, scheduler, hardware o sistema externo, pero no como caso de uso formalizado."
RegisterSecondaryResidentCommand,Command,UC-COM-05: Registrar Residente Secundario,Gestión de Comunidad,PrimaryResident vía App/API,Actor/API,PENDIENTE,FrontendUseCase,App Residente,FALTA_CASO_USO_EMISOR_FORMAL,"La fuente funcional existe como actor, scheduler, hardware o sistema externo, pero no como caso de uso formalizado."
RegisterSecondaryResidentCommand,Command,UC-COM-05: Registrar Residente Secundario,Gestión de Comunidad,CommunityAdmin vía Panel/API,Actor/API,PENDIENTE,FrontendUseCase,Panel Administrativo Comunidad,FALTA_CASO_USO_EMISOR_FORMAL,"La fuente funcional existe como actor, scheduler, hardware o sistema externo, pero no como caso de uso formalizado."
RemoveResidentCommand,Command,UC-COM-06: Remover Residente,Gestión de Comunidad,PrimaryResident vía App/API,Actor/API,PENDIENTE,FrontendUseCase,App Residente,FALTA_CASO_USO_EMISOR_FORMAL,"La fuente funcional existe como actor, scheduler, hardware o sistema externo, pero no como caso de uso formalizado."
RemoveResidentCommand,Command,UC-COM-06: Remover Residente,Gestión de Comunidad,CommunityAdmin vía Panel/API,Actor/API,PENDIENTE,FrontendUseCase,Panel Administrativo Comunidad,FALTA_CASO_USO_EMISOR_FORMAL,"La fuente funcional existe como actor, scheduler, hardware o sistema externo, pero no como caso de uso formalizado."
ChangeHouseOperationalStatusCommand,Command,UC-COM-07: Modificar Estado Operativo de Unidad Privativa,Gestión de Comunidad,CommunityAdmin vía Panel/API,Actor/API,PENDIENTE,FrontendUseCase,Panel Administrativo Comunidad,FALTA_CASO_USO_EMISOR_FORMAL,"La fuente funcional existe como actor, scheduler, hardware o sistema externo, pero no como caso de uso formalizado."
GenerateHouseBlockCommand,Command,UC-COM-08: Generar Bloque de Unidades Privativas,Gestión de Comunidad,CommunityAdmin vía Panel/API,Actor/API,PENDIENTE,FrontendUseCase,Panel Administrativo Comunidad,FALTA_CASO_USO_EMISOR_FORMAL,"La fuente funcional existe como actor, scheduler, hardware o sistema externo, pero no como caso de uso formalizado."
RevealVisitorIdentityCommand,Command,UC-COM-10: Auditar Identidad de Visitante,Gestión de Comunidad,CommunityAdmin vía Panel/API,Actor/API,PENDIENTE,FrontendUseCase,Panel Administrativo Comunidad,FALTA_CASO_USO_EMISOR_FORMAL,"La fuente funcional existe como actor, scheduler, hardware o sistema externo, pero no como caso de uso formalizado."
GenerateInvitationCommand,Command,UC-ACC-01: Generar Invitación de Acceso,Control de Acceso,Resident vía App/API,Actor/API,PENDIENTE,FrontendUseCase,App Residente,FALTA_CASO_USO_EMISOR_FORMAL,"La fuente funcional existe como actor, scheduler, hardware o sistema externo, pero no como caso de uso formalizado."
CancelInvitationCommand,Command,UC-ACC-02: Cancelar Invitación,Control de Acceso,Resident vía App/API,Actor/API,PENDIENTE,FrontendUseCase,App Residente,FALTA_CASO_USO_EMISOR_FORMAL,"La fuente funcional existe como actor, scheduler, hardware o sistema externo, pero no como caso de uso formalizado."
RegisterOnlineEntryCommand,Command,UC-ACC-03: Registrar Entrada Online,Control de Acceso,KioskApp,Hardware/API,PENDIENTE,HardwareUseCase,KioskApp / GuardConsole,FALTA_CASO_USO_EMISOR_FORMAL,"La fuente funcional existe como actor, scheduler, hardware o sistema externo, pero no como caso de uso formalizado."
GetValidTokensForTodayQuery,Query,UC-ACC-04: Sincronizar Caché Offline,Control de Acceso,KioskApp,Hardware/Scheduler,PENDIENTE,HardwareUseCase,KioskApp / GuardConsole,FALTA_CASO_USO_EMISOR_FORMAL,"La fuente funcional existe como actor, scheduler, hardware o sistema externo, pero no como caso de uso formalizado."
SyncDeferredAccessesCommand,Command,UC-ACC-05: Procesar Eventos Diferidos,Control de Acceso,KioskApp al recuperar conexión,Hardware/API,PENDIENTE,HardwareUseCase,KioskApp / GuardConsole,FALTA_CASO_USO_EMISOR_FORMAL,"La fuente funcional existe como actor, scheduler, hardware o sistema externo, pero no como caso de uso formalizado."
RegisterUnscheduledVisitCommand,Command,UC-ACC-06: Registrar Llegada Sorpresa,Control de Acceso,SecurityGuard vía GuardConsole,Actor/API,PENDIENTE,FrontendUseCase,Guard Console,FALTA_CASO_USO_EMISOR_FORMAL,"La fuente funcional existe como actor, scheduler, hardware o sistema externo, pero no como caso de uso formalizado."
TriggerEmergencyOverrideCommand,Command,UC-ACC-07: Ejecutar Apertura de Contingencia,Control de Acceso,SecurityGuard vía GuardConsole,Actor/API,PENDIENTE,FrontendUseCase,Guard Console,FALTA_CASO_USO_EMISOR_FORMAL,"La fuente funcional existe como actor, scheduler, hardware o sistema externo, pero no como caso de uso formalizado."
RegisterDepartureCommand,Command,UC-ACC-08: Registrar Salida de Visitante,Control de Acceso,KioskApp,Hardware/API,PENDIENTE,HardwareUseCase,KioskApp / GuardConsole,FALTA_CASO_USO_EMISOR_FORMAL,"La fuente funcional existe como actor, scheduler, hardware o sistema externo, pero no como caso de uso formalizado."
RegisterDepartureCommand,Command,UC-ACC-08: Registrar Salida de Visitante,Control de Acceso,SecurityGuard vía GuardConsole,Actor/API,PENDIENTE,FrontendUseCase,Guard Console,FALTA_CASO_USO_EMISOR_FORMAL,"La fuente funcional existe como actor, scheduler, hardware o sistema externo, pero no como caso de uso formalizado."
ExpirePendingInvitationsCommand,Command,UC-ACC-09: Invalidar Invitaciones Expiradas,Control de Acceso,Proceso interno programado,Scheduler/Worker,PENDIENTE,SchedulerUseCase,Scheduler / Worker,FALTA_CASO_USO_EMISOR_FORMAL,"La fuente funcional existe como actor, scheduler, hardware o sistema externo, pero no como caso de uso formalizado."
RegisterOfflineDepartureCommand,Command,UC-ACC-10: Registrar Salida Offline,Control de Acceso / KioskApp,KioskApp offline,LocalHardware,PENDIENTE,HardwareUseCase,KioskApp / GuardConsole,FALTA_CASO_USO_EMISOR_FORMAL,"La fuente funcional existe como actor, scheduler, hardware o sistema externo, pero no como caso de uso formalizado."
ValidateOfflineTokenCommand,Command,UC-ACC-11: Validar Acceso Offline,Control de Acceso / KioskApp,KioskApp offline,LocalHardware,PENDIENTE,HardwareUseCase,KioskApp / GuardConsole,FALTA_CASO_USO_EMISOR_FORMAL,"La fuente funcional existe como actor, scheduler, hardware o sistema externo, pero no como caso de uso formalizado."
ResolveEmergencyOverrideCommand,Command,UC-ACC-12: Justificar Contingencia Pendiente,Control de Acceso,SecurityGuard vía GuardConsole,Actor/API,PENDIENTE,FrontendUseCase,Guard Console,FALTA_CASO_USO_EMISOR_FORMAL,"La fuente funcional existe como actor, scheduler, hardware o sistema externo, pero no como caso de uso formalizado."
SendHeartbeatCommand,Command,UC-ACC-13: Sincronizar Estado Operativo Global,Control de Acceso,KioskApp / GuardConsole,Hardware/Scheduler,PENDIENTE,HardwareUseCase,KioskApp / GuardConsole,FALTA_CASO_USO_EMISOR_FORMAL,"La fuente funcional existe como actor, scheduler, hardware o sistema externo, pero no como caso de uso formalizado."
UpdateInvitationContactCommand,Command,UC-ACC-14: Actualizar Contacto de Invitación,Control de Acceso,Resident vía App/API,Actor/API,PENDIENTE,FrontendUseCase,App Residente,FALTA_CASO_USO_EMISOR_FORMAL,"La fuente funcional existe como actor, scheduler, hardware o sistema externo, pero no como caso de uso formalizado."
RequestInvitationResendCommand,Command,UC-ACC-15: Solicitar Reenvío de Invitación,Control de Acceso,Resident vía App/API,Actor/API,PENDIENTE,FrontendUseCase,App Residente,FALTA_CASO_USO_EMISOR_FORMAL,"La fuente funcional existe como actor, scheduler, hardware o sistema externo, pero no como caso de uso formalizado."
GetActiveInvitationsQuery,Query,UC-ACC-16: Consultar Mis Invitaciones Activas,Control de Acceso,Resident vía App/API,Actor/API,PENDIENTE,FrontendUseCase,App Residente,FALTA_CASO_USO_EMISOR_FORMAL,"La fuente funcional existe como actor, scheduler, hardware o sistema externo, pero no como caso de uso formalizado."
GetInvitationDetailQuery,Query,UC-ACC-17: Consultar Detalle de Invitación,Control de Acceso,Resident vía App/API,Actor/API,PENDIENTE,FrontendUseCase,App Residente,FALTA_CASO_USO_EMISOR_FORMAL,"La fuente funcional existe como actor, scheduler, hardware o sistema externo, pero no como caso de uso formalizado."
GetInvitationHistoryQuery,Query,UC-ACC-18: Consultar Historial de Invitaciones,Control de Acceso,Resident vía App/API,Actor/API,PENDIENTE,FrontendUseCase,App Residente,FALTA_CASO_USO_EMISOR_FORMAL,"La fuente funcional existe como actor, scheduler, hardware o sistema externo, pero no como caso de uso formalizado."
RegisterManualDepartureCommand,Command,UC-ACC-20: Registrar Salida Manual desde Consola,Control de Acceso,SecurityGuard vía GuardConsole,Actor/API,PENDIENTE,FrontendUseCase,Guard Console,FALTA_CASO_USO_EMISOR_FORMAL,"La fuente funcional existe como actor, scheduler, hardware o sistema externo, pero no como caso de uso formalizado."
RegisterExternalIdentityCommand,Command,UC-IAM-01: Registrar Identidad Externa,Seguridad / IAM,IdP Callback,ExternalSystem/API,PENDIENTE,ExternalSystemCallbackUseCase,IdP / External Callback,FALTA_CASO_USO_EMISOR_FORMAL,"La fuente funcional existe como actor, scheduler, hardware o sistema externo, pero no como caso de uso formalizado."
ProvisionNewStaffAccountCommand,Command,UC-IAM-02: Provisionar Nueva Cuenta de Personal,Seguridad / IAM,SystemAdmin vía Backoffice/API,Actor/API,PENDIENTE,FrontendUseCase,Backoffice UI,FALTA_CASO_USO_EMISOR_FORMAL,"La fuente funcional existe como actor, scheduler, hardware o sistema externo, pero no como caso de uso formalizado."
ProvisionNewStaffAccountCommand,Command,UC-IAM-02: Provisionar Nueva Cuenta de Personal,Seguridad / IAM,CommunityAdmin vía Panel/API,Actor/API,PENDIENTE,FrontendUseCase,Panel Administrativo Comunidad,FALTA_CASO_USO_EMISOR_FORMAL,"La fuente funcional existe como actor, scheduler, hardware o sistema externo, pero no como caso de uso formalizado."
AssignCommunityToStaffCommand,Command,UC-IAM-03: Asignar Comunidad a Personal Existente,Seguridad / IAM,SystemAdmin vía Backoffice/API,Actor/API,PENDIENTE,FrontendUseCase,Backoffice UI,FALTA_CASO_USO_EMISOR_FORMAL,"La fuente funcional existe como actor, scheduler, hardware o sistema externo, pero no como caso de uso formalizado."
AssignCommunityToStaffCommand,Command,UC-IAM-03: Asignar Comunidad a Personal Existente,Seguridad / IAM,CommunityAdmin vía Panel/API,Actor/API,PENDIENTE,FrontendUseCase,Panel Administrativo Comunidad,FALTA_CASO_USO_EMISOR_FORMAL,"La fuente funcional existe como actor, scheduler, hardware o sistema externo, pero no como caso de uso formalizado."
RevokeSessionCommand,Command,UC-IAM-04: Revocar Sesión,Seguridad / IAM,Usuario vía App/API,Actor/API,PENDIENTE,FrontendUseCase,App Residente,FALTA_CASO_USO_EMISOR_FORMAL,"La fuente funcional existe como actor, scheduler, hardware o sistema externo, pero no como caso de uso formalizado."
RevokeSessionCommand,Command,UC-IAM-04: Revocar Sesión,Seguridad / IAM,SystemAdmin vía Backoffice/API,Actor/API,PENDIENTE,FrontendUseCase,Backoffice UI,FALTA_CASO_USO_EMISOR_FORMAL,"La fuente funcional existe como actor, scheduler, hardware o sistema externo, pero no como caso de uso formalizado."
