Mensaje,Tipo,Caso de uso Emisor,Módulo Emisor,Caso de uso Receptor,Módulo Receptor,Estado,Observaciones
CommunityProvisionedEvent,IntegrationEvent,UC-SUS-01: Aprovisionar Nuevo Fraccionamiento,Suscripción,UC-COM-09: Inicializar Entorno de Comunidad,Gestión de Comunidad,OK,Receptor explícito en UC-COM-09.
CommunityAdminAssignedEvent,IntegrationEvent,UC-SUS-01: Aprovisionar Nuevo Fraccionamiento,Suscripción,UC-IAM-02: Provisionar Nueva Cuenta de Personal,Seguridad / IAM,OK,Receptor explícito en el flujo de aprovisionamiento de personal.
SubscriptionReactivatedEvent,IntegrationEvent,UC-SUS-04: Registrar Pago Manual,Suscripción,PENDIENTE,Control de Acceso,EMITIDO_SIN_RECEPTOR_CONCRETO,"El documento indica reacción de Accesos para levantar blackout, pero no nombra UC receptor."
SubscriptionReactivatedEvent,IntegrationEvent,UC-SUS-05: Reactivación Manual / Extensión de Gracia,Suscripción,PENDIENTE,Control de Acceso,EMITIDO_SIN_RECEPTOR_CONCRETO,"El documento indica reacción de Accesos para levantar blackout, pero no nombra UC receptor."
CommunityProfileUpdatedEvent,IntegrationEvent,UC-SUS-10: Actualizar Datos Administrativos de Fraccionamiento,Suscripción,PENDIENTE,Gestión de Comunidad,EMITIDO_SIN_RECEPTOR_CONCRETO,"El documento indica sincronización en Comunidad, pero no nombra UC receptor."
SubscriptionSuspendedEvent,IntegrationEvent,UC-SUS-11: Suspender Suscripción por Morosidad,Suscripción,PENDIENTE,Control de Acceso,EMITIDO_SIN_RECEPTOR_CONCRETO,"El documento indica activación de modo de bloqueo en Accesos, pero no nombra UC receptor."
SubscriptionSuspendedEvent,IntegrationEvent,UC-SUS-11: Suspender Suscripción por Morosidad,Suscripción,PENDIENTE,Gestión de Comunidad,EMITIDO_SIN_RECEPTOR_CONCRETO,"El documento indica bloqueo de capacidades de escritura en Comunidad, pero no nombra UC receptor."
CommunityOperationsStartedEvent,IntegrationEvent,UC-SUS-12: Activar Comunidad Programada,Suscripción,PENDIENTE,Control de Acceso,EMITIDO_SIN_RECEPTOR_CONCRETO,"El documento indica autorización para operar casetas, pero no nombra UC receptor."
CommunityOperationsStartedEvent,IntegrationEvent,UC-SUS-12: Activar Comunidad Programada,Suscripción,PENDIENTE,Gestión de Comunidad,EMITIDO_SIN_RECEPTOR_CONCRETO,"El documento indica autorización para usar panel web, pero no nombra UC receptor."
SubscriptionCanceledEvent,IntegrationEvent,UC-SUS-14: Cancelar / Dar de Baja Fraccionamiento,Suscripción,PENDIENTE,Control de Acceso,EMITIDO_SIN_RECEPTOR_CONCRETO,"El documento indica bloqueo de casetas, pero no nombra UC receptor."
SubscriptionCanceledEvent,IntegrationEvent,UC-SUS-14: Cancelar / Dar de Baja Fraccionamiento,Suscripción,PENDIENTE,Gestión de Comunidad,EMITIDO_SIN_RECEPTOR_CONCRETO,"El documento indica congelamiento del panel administrativo, pero no nombra UC receptor."
SubscriptionCanceledEvent,IntegrationEvent,UC-SUS-14: Cancelar / Dar de Baja Fraccionamiento,Suscripción,PENDIENTE,Seguridad / IAM,EMITIDO_SIN_RECEPTOR_CONCRETO,"El documento indica invalidación de sesiones y tokens, pero no nombra UC receptor."
CommunitySettingsUpdatedEvent,IntegrationEvent,UC-COM-01: Configurar Reglas de Comunidad,Gestión de Comunidad,UC-ACC-19: Inicializar Entorno de Caseta,Control de Acceso,OK,Receptor explícito en UC-ACC-19.
ResidentRemovedEvent,IntegrationEvent,UC-COM-06: Remover Residente,Gestión de Comunidad,PENDIENTE,Control de Acceso,EMITIDO_SIN_RECEPTOR_CONCRETO,"El documento indica que Accesos debe cancelar invitaciones futuras, pero no nombra UC receptor."
ResidentRemovedEvent,IntegrationEvent,UC-COM-06: Remover Residente,Gestión de Comunidad,PENDIENTE,Seguridad / IAM,EMITIDO_SIN_RECEPTOR_CONCRETO,"El documento indica que IAM debe revocar tokens, pero no nombra UC receptor."
HouseOperationalStatusChangedEvent,IntegrationEvent,UC-COM-07: Modificar Estado Operativo de Unidad Privativa,Gestión de Comunidad,UC-ACC-21: Reaccionar a Suspensión de Unidad,Control de Acceso,OK,Receptor explícito en UC-ACC-21.
HouseSuspendedNotificationEvent,IntegrationEvent,UC-COM-07: Modificar Estado Operativo de Unidad Privativa,Gestión de Comunidad,PENDIENTE,Notificaciones / App móvil,EMITIDO_SIN_RECEPTOR_CONCRETO,"El documento indica captura por adaptador móvil, pero no nombra UC-NOT receptor."
InvitationGeneratedEvent,IntegrationEvent,UC-ACC-01: Generar Invitación de Acceso,Control de Acceso,UC-NOT-04: Distribuir Pase de Acceso a Visitante,Notificaciones,OK,Receptor explícito en UC-NOT-04.
InvitationCanceledEvent,IntegrationEvent,UC-ACC-02: Cancelar Invitación,Control de Acceso,UC-NOT-05: Notificar Cancelación de Pase de Acceso,Notificaciones,OK,Receptor explícito en UC-NOT-05.
InvitationContactUpdatedEvent,IntegrationEvent,UC-ACC-14: Actualizar Contacto de Invitación,Control de Acceso,UC-NOT-04: Distribuir Pase de Acceso a Visitante,Notificaciones,OK,Receptor explícito en UC-NOT-04.
InvitationResendRequestedEvent,IntegrationEvent,UC-ACC-15: Solicitar Reenvío de Invitación,Control de Acceso,UC-NOT-06: Despachar Reenvío de Pase de Acceso,Notificaciones,OK,Receptor explícito en UC-NOT-06.
AccessGrantedEvent,IntegrationEvent,UC-ACC-03: Registrar Entrada Online,Control de Acceso,UC-NOT-01: Notificar Acceso a Residente,Notificaciones,OK,Receptor explícito en UC-NOT-01.
AccessGrantedEvent,IntegrationEvent,UC-ACC-05: Procesar Eventos Diferidos,Control de Acceso,UC-NOT-01: Notificar Acceso a Residente,Notificaciones,OK,Versión diferida explícitamente mencionada para notificación atrasada.
UnscheduledVisitAlertEvent,IntegrationEvent,UC-ACC-06: Registrar Llegada Sorpresa,Control de Acceso,UC-NOT-01: Notificar Acceso a Residente,Notificaciones,OK,Receptor explícito en UC-NOT-01.
EmergencyOverrideTriggeredEvent,IntegrationEvent,UC-ACC-07: Ejecutar Apertura de Contingencia,Control de Acceso,UC-NOT-02: Despachar Alerta Crítica de Seguridad,Notificaciones,OK,Receptor explícito en UC-NOT-02.
DepartureRegisteredEvent,IntegrationEvent,UC-ACC-08: Registrar Salida de Visitante,Control de Acceso,UC-NOT-03: Notificar Salida a Residente,Notificaciones,OK,Receptor explícito en UC-NOT-03.
DepartureRegisteredEvent,IntegrationEvent,UC-ACC-20: Registrar Salida Manual desde Consola,Control de Acceso,UC-NOT-03: Notificar Salida a Residente,Notificaciones,OK,Receptor explícito en UC-NOT-03.
DepartureRegisteredEvent,IntegrationEvent,UC-ACC-05: Procesar Eventos Diferidos,Control de Acceso,UC-NOT-03: Notificar Salida a Residente,Notificaciones,OK,Versión diferida explícitamente mencionada para notificación atrasada.
OfflineOverrideAlertEvent,IntegrationEvent,UC-ACC-05: Procesar Eventos Diferidos,Control de Acceso,PENDIENTE,Notificaciones,EMITIDO_SIN_RECEPTOR_CONCRETO,"El documento indica que detona comunicación de transparencia al residente, pero no nombra UC-NOT receptor."
InvitationStatusUpdatedEvent,IntegrationEvent,UC-ACC-22: Procesar Fallo de Entrega de Invitación,Control de Acceso,PENDIENTE,Frontend / App móvil,EMITIDO_SIN_RECEPTOR_CONCRETO,"El documento indica consumo por motor de transporte del frontend, pero no hay UC receptor."
AccessPassDeliveryFailedEvent,IntegrationEvent,UC-NOT-04: Distribuir Pase de Acceso a Visitante,Notificaciones,UC-ACC-22: Procesar Fallo de Entrega de Invitación,Control de Acceso,OK,Receptor explícito en UC-ACC-22.
