Mensaje,Tipo,Tipo de Origen,Origen,Caso de uso Emisor,Módulo Emisor,Caso de uso Receptor,Módulo Receptor,Estado,Observaciones
ProvisionCommunityCommand,Command,FrontendUseCasePendiente,SystemAdmin vía Backoffice/API,PENDIENTE,Backoffice UI,UC-SUS-01: Aprovisionar Nuevo Fraccionamiento,Suscripción,FALTA_CASO_USO_EMISOR_FORMAL,La entrada no debe considerarse mágicamente originada por API/actor; requiere formalizar el caso de uso emisor correspondiente.
GetCommunitiesQuery,Query,FrontendUseCasePendiente,SystemAdmin vía Backoffice/API,PENDIENTE,Backoffice UI,UC-SUS-02: Consultar Directorio de Fraccionamientos,Suscripción,FALTA_CASO_USO_EMISOR_FORMAL,La entrada no debe considerarse mágicamente originada por API/actor; requiere formalizar el caso de uso emisor correspondiente.
GetCommunityDetailQuery,Query,FrontendUseCasePendiente,SystemAdmin vía Backoffice/API,PENDIENTE,Backoffice UI,UC-SUS-03: Consultar Detalle y Estado de Cuenta de Fraccionamiento,Suscripción,FALTA_CASO_USO_EMISOR_FORMAL,La entrada no debe considerarse mágicamente originada por API/actor; requiere formalizar el caso de uso emisor correspondiente.
RegisterManualPaymentCommand,Command,FrontendUseCasePendiente,SystemAdmin vía Backoffice/API,PENDIENTE,Backoffice UI,UC-SUS-04: Registrar Pago Manual,Suscripción,FALTA_CASO_USO_EMISOR_FORMAL,La entrada no debe considerarse mágicamente originada por API/actor; requiere formalizar el caso de uso emisor correspondiente.
GrantGracePeriodCommand,Command,FrontendUseCasePendiente,SystemAdmin vía Backoffice/API,PENDIENTE,Backoffice UI,UC-SUS-05: Reactivación Manual / Extensión de Gracia,Suscripción,FALTA_CASO_USO_EMISOR_FORMAL,La entrada no debe considerarse mágicamente originada por API/actor; requiere formalizar el caso de uso emisor correspondiente.
GetMyBillingProfileQuery,Query,FrontendUseCasePendiente,CommunityAdmin vía Panel/API,PENDIENTE,Panel Administrativo Comunidad,UC-SUS-09: Consultar Mi Estado de Facturación,Suscripción,FALTA_CASO_USO_EMISOR_FORMAL,La entrada no debe considerarse mágicamente originada por API/actor; requiere formalizar el caso de uso emisor correspondiente.
UpdateCommunityProfileCommand,Command,FrontendUseCasePendiente,SystemAdmin vía Backoffice/API,PENDIENTE,Backoffice UI,UC-SUS-10: Actualizar Datos Administrativos de Fraccionamiento,Suscripción,FALTA_CASO_USO_EMISOR_FORMAL,La entrada no debe considerarse mágicamente originada por API/actor; requiere formalizar el caso de uso emisor correspondiente.
SuspendSubscriptionCommand,Command,SchedulerUseCasePendiente,Cron job diario,PENDIENTE,Scheduler / Worker,UC-SUS-11: Suspender Suscripción por Morosidad,Suscripción,FALTA_CASO_USO_EMISOR_FORMAL,La entrada no debe considerarse mágicamente originada por API/actor; requiere formalizar el caso de uso emisor correspondiente.
SuspendSubscriptionCommand,Command,FrontendUseCasePendiente,SystemAdmin vía Backoffice/API,PENDIENTE,Backoffice UI,UC-SUS-11: Suspender Suscripción por Morosidad,Suscripción,FALTA_CASO_USO_EMISOR_FORMAL,La entrada no debe considerarse mágicamente originada por API/actor; requiere formalizar el caso de uso emisor correspondiente.
ActivateScheduledCommunityCommand,Command,SchedulerUseCasePendiente,Cron job diario,PENDIENTE,Scheduler / Worker,UC-SUS-12: Activar Comunidad Programada,Suscripción,FALTA_CASO_USO_EMISOR_FORMAL,La entrada no debe considerarse mágicamente originada por API/actor; requiere formalizar el caso de uso emisor correspondiente.
GetManualPaymentReferenceQuery,Query,FrontendUseCasePendiente,CommunityAdmin vía Panel/API,PENDIENTE,Panel Administrativo Comunidad,UC-SUS-13: Consultar Referencia de Pago Manual,Suscripción,FALTA_CASO_USO_EMISOR_FORMAL,La entrada no debe considerarse mágicamente originada por API/actor; requiere formalizar el caso de uso emisor correspondiente.
CancelSubscriptionCommand,Command,FrontendUseCasePendiente,SystemAdmin vía Backoffice/API,PENDIENTE,Backoffice UI,UC-SUS-14: Cancelar / Dar de Baja Fraccionamiento,Suscripción,FALTA_CASO_USO_EMISOR_FORMAL,La entrada no debe considerarse mágicamente originada por API/actor; requiere formalizar el caso de uso emisor correspondiente.
ConfigureCommunityCommand,Command,FrontendUseCasePendiente,CommunityAdmin vía Panel/API,PENDIENTE,Panel Administrativo Comunidad,UC-COM-01: Configurar Reglas de Comunidad,Gestión de Comunidad,FALTA_CASO_USO_EMISOR_FORMAL,La entrada no debe considerarse mágicamente originada por API/actor; requiere formalizar el caso de uso emisor correspondiente.
RegisterHouseModelCommand,Command,FrontendUseCasePendiente,CommunityAdmin vía Panel/API,PENDIENTE,Panel Administrativo Comunidad,UC-COM-02: Registrar Modelo de Propiedad,Gestión de Comunidad,FALTA_CASO_USO_EMISOR_FORMAL,La entrada no debe considerarse mágicamente originada por API/actor; requiere formalizar el caso de uso emisor correspondiente.
RegisterHouseCommand,Command,FrontendUseCasePendiente,CommunityAdmin vía Panel/API,PENDIENTE,Panel Administrativo Comunidad,UC-COM-03: Registrar Unidad Privativa,Gestión de Comunidad,FALTA_CASO_USO_EMISOR_FORMAL,La entrada no debe considerarse mágicamente originada por API/actor; requiere formalizar el caso de uso emisor correspondiente.
AssignPrimaryResidentCommand,Command,FrontendUseCasePendiente,CommunityAdmin vía Panel/API,PENDIENTE,Panel Administrativo Comunidad,UC-COM-04: Asignar Residente Principal,Gestión de Comunidad,FALTA_CASO_USO_EMISOR_FORMAL,La entrada no debe considerarse mágicamente originada por API/actor; requiere formalizar el caso de uso emisor correspondiente.
RegisterSecondaryResidentCommand,Command,FrontendUseCasePendiente,PrimaryResident vía App/API,PENDIENTE,App Residente,UC-COM-05: Registrar Residente Secundario,Gestión de Comunidad,FALTA_CASO_USO_EMISOR_FORMAL,La entrada no debe considerarse mágicamente originada por API/actor; requiere formalizar el caso de uso emisor correspondiente.
RegisterSecondaryResidentCommand,Command,FrontendUseCasePendiente,CommunityAdmin vía Panel/API,PENDIENTE,Panel Administrativo Comunidad,UC-COM-05: Registrar Residente Secundario,Gestión de Comunidad,FALTA_CASO_USO_EMISOR_FORMAL,La entrada no debe considerarse mágicamente originada por API/actor; requiere formalizar el caso de uso emisor correspondiente.
RemoveResidentCommand,Command,FrontendUseCasePendiente,PrimaryResident vía App/API,PENDIENTE,App Residente,UC-COM-06: Remover Residente,Gestión de Comunidad,FALTA_CASO_USO_EMISOR_FORMAL,La entrada no debe considerarse mágicamente originada por API/actor; requiere formalizar el caso de uso emisor correspondiente.
RemoveResidentCommand,Command,FrontendUseCasePendiente,CommunityAdmin vía Panel/API,PENDIENTE,Panel Administrativo Comunidad,UC-COM-06: Remover Residente,Gestión de Comunidad,FALTA_CASO_USO_EMISOR_FORMAL,La entrada no debe considerarse mágicamente originada por API/actor; requiere formalizar el caso de uso emisor correspondiente.
ChangeHouseOperationalStatusCommand,Command,FrontendUseCasePendiente,CommunityAdmin vía Panel/API,PENDIENTE,Panel Administrativo Comunidad,UC-COM-07: Modificar Estado Operativo de Unidad Privativa,Gestión de Comunidad,FALTA_CASO_USO_EMISOR_FORMAL,La entrada no debe considerarse mágicamente originada por API/actor; requiere formalizar el caso de uso emisor correspondiente.
GenerateHouseBlockCommand,Command,FrontendUseCasePendiente,CommunityAdmin vía Panel/API,PENDIENTE,Panel Administrativo Comunidad,UC-COM-08: Generar Bloque de Unidades Privativas,Gestión de Comunidad,FALTA_CASO_USO_EMISOR_FORMAL,La entrada no debe considerarse mágicamente originada por API/actor; requiere formalizar el caso de uso emisor correspondiente.
RevealVisitorIdentityCommand,Command,FrontendUseCasePendiente,CommunityAdmin vía Panel/API,PENDIENTE,Panel Administrativo Comunidad,UC-COM-10: Auditar Identidad de Visitante,Gestión de Comunidad,FALTA_CASO_USO_EMISOR_FORMAL,La entrada no debe considerarse mágicamente originada por API/actor; requiere formalizar el caso de uso emisor correspondiente.
GenerateInvitationCommand,Command,FrontendUseCasePendiente,Resident vía App/API,PENDIENTE,App Residente,UC-ACC-01: Generar Invitación de Acceso,Control de Acceso,FALTA_CASO_USO_EMISOR_FORMAL,La entrada no debe considerarse mágicamente originada por API/actor; requiere formalizar el caso de uso emisor correspondiente.
CancelInvitationCommand,Command,FrontendUseCasePendiente,Resident vía App/API,PENDIENTE,App Residente,UC-ACC-02: Cancelar Invitación,Control de Acceso,FALTA_CASO_USO_EMISOR_FORMAL,La entrada no debe considerarse mágicamente originada por API/actor; requiere formalizar el caso de uso emisor correspondiente.
RegisterOnlineEntryCommand,Command,HardwareUseCasePendiente,KioskApp,PENDIENTE,KioskApp / GuardConsole,UC-ACC-03: Registrar Entrada Online,Control de Acceso,FALTA_CASO_USO_EMISOR_FORMAL,La entrada no debe considerarse mágicamente originada por API/actor; requiere formalizar el caso de uso emisor correspondiente.
GetValidTokensForTodayQuery,Query,HardwareUseCasePendiente,KioskApp,PENDIENTE,KioskApp / GuardConsole,UC-ACC-04: Sincronizar Caché Offline,Control de Acceso,FALTA_CASO_USO_EMISOR_FORMAL,La entrada no debe considerarse mágicamente originada por API/actor; requiere formalizar el caso de uso emisor correspondiente.
SyncDeferredAccessesCommand,Command,HardwareUseCasePendiente,KioskApp al recuperar conexión,PENDIENTE,KioskApp / GuardConsole,UC-ACC-05: Procesar Eventos Diferidos,Control de Acceso,FALTA_CASO_USO_EMISOR_FORMAL,La entrada no debe considerarse mágicamente originada por API/actor; requiere formalizar el caso de uso emisor correspondiente.
RegisterUnscheduledVisitCommand,Command,FrontendUseCasePendiente,SecurityGuard vía GuardConsole,PENDIENTE,Guard Console,UC-ACC-06: Registrar Llegada Sorpresa,Control de Acceso,FALTA_CASO_USO_EMISOR_FORMAL,La entrada no debe considerarse mágicamente originada por API/actor; requiere formalizar el caso de uso emisor correspondiente.
TriggerEmergencyOverrideCommand,Command,FrontendUseCasePendiente,SecurityGuard vía GuardConsole,PENDIENTE,Guard Console,UC-ACC-07: Ejecutar Apertura de Contingencia,Control de Acceso,FALTA_CASO_USO_EMISOR_FORMAL,La entrada no debe considerarse mágicamente originada por API/actor; requiere formalizar el caso de uso emisor correspondiente.
RegisterDepartureCommand,Command,HardwareUseCasePendiente,KioskApp,PENDIENTE,KioskApp / GuardConsole,UC-ACC-08: Registrar Salida de Visitante,Control de Acceso,FALTA_CASO_USO_EMISOR_FORMAL,La entrada no debe considerarse mágicamente originada por API/actor; requiere formalizar el caso de uso emisor correspondiente.
RegisterDepartureCommand,Command,FrontendUseCasePendiente,SecurityGuard vía GuardConsole,PENDIENTE,Guard Console,UC-ACC-08: Registrar Salida de Visitante,Control de Acceso,FALTA_CASO_USO_EMISOR_FORMAL,La entrada no debe considerarse mágicamente originada por API/actor; requiere formalizar el caso de uso emisor correspondiente.
ExpirePendingInvitationsCommand,Command,SchedulerUseCasePendiente,Proceso interno programado,PENDIENTE,Scheduler / Worker,UC-ACC-09: Invalidar Invitaciones Expiradas,Control de Acceso,FALTA_CASO_USO_EMISOR_FORMAL,La entrada no debe considerarse mágicamente originada por API/actor; requiere formalizar el caso de uso emisor correspondiente.
RegisterOfflineDepartureCommand,Command,HardwareUseCasePendiente,KioskApp offline,PENDIENTE,KioskApp / GuardConsole,UC-ACC-10: Registrar Salida Offline,Control de Acceso / KioskApp,FALTA_CASO_USO_EMISOR_FORMAL,La entrada no debe considerarse mágicamente originada por API/actor; requiere formalizar el caso de uso emisor correspondiente.
ValidateOfflineTokenCommand,Command,HardwareUseCasePendiente,KioskApp offline,PENDIENTE,KioskApp / GuardConsole,UC-ACC-11: Validar Acceso Offline,Control de Acceso / KioskApp,FALTA_CASO_USO_EMISOR_FORMAL,La entrada no debe considerarse mágicamente originada por API/actor; requiere formalizar el caso de uso emisor correspondiente.
ResolveEmergencyOverrideCommand,Command,FrontendUseCasePendiente,SecurityGuard vía GuardConsole,PENDIENTE,Guard Console,UC-ACC-12: Justificar Contingencia Pendiente,Control de Acceso,FALTA_CASO_USO_EMISOR_FORMAL,La entrada no debe considerarse mágicamente originada por API/actor; requiere formalizar el caso de uso emisor correspondiente.
SendHeartbeatCommand,Command,HardwareUseCasePendiente,KioskApp / GuardConsole,PENDIENTE,KioskApp / GuardConsole,UC-ACC-13: Sincronizar Estado Operativo Global,Control de Acceso,FALTA_CASO_USO_EMISOR_FORMAL,La entrada no debe considerarse mágicamente originada por API/actor; requiere formalizar el caso de uso emisor correspondiente.
UpdateInvitationContactCommand,Command,FrontendUseCasePendiente,Resident vía App/API,PENDIENTE,App Residente,UC-ACC-14: Actualizar Contacto de Invitación,Control de Acceso,FALTA_CASO_USO_EMISOR_FORMAL,La entrada no debe considerarse mágicamente originada por API/actor; requiere formalizar el caso de uso emisor correspondiente.
RequestInvitationResendCommand,Command,FrontendUseCasePendiente,Resident vía App/API,PENDIENTE,App Residente,UC-ACC-15: Solicitar Reenvío de Invitación,Control de Acceso,FALTA_CASO_USO_EMISOR_FORMAL,La entrada no debe considerarse mágicamente originada por API/actor; requiere formalizar el caso de uso emisor correspondiente.
GetActiveInvitationsQuery,Query,FrontendUseCasePendiente,Resident vía App/API,PENDIENTE,App Residente,UC-ACC-16: Consultar Mis Invitaciones Activas,Control de Acceso,FALTA_CASO_USO_EMISOR_FORMAL,La entrada no debe considerarse mágicamente originada por API/actor; requiere formalizar el caso de uso emisor correspondiente.
GetInvitationDetailQuery,Query,FrontendUseCasePendiente,Resident vía App/API,PENDIENTE,App Residente,UC-ACC-17: Consultar Detalle de Invitación,Control de Acceso,FALTA_CASO_USO_EMISOR_FORMAL,La entrada no debe considerarse mágicamente originada por API/actor; requiere formalizar el caso de uso emisor correspondiente.
GetInvitationHistoryQuery,Query,FrontendUseCasePendiente,Resident vía App/API,PENDIENTE,App Residente,UC-ACC-18: Consultar Historial de Invitaciones,Control de Acceso,FALTA_CASO_USO_EMISOR_FORMAL,La entrada no debe considerarse mágicamente originada por API/actor; requiere formalizar el caso de uso emisor correspondiente.
RegisterManualDepartureCommand,Command,FrontendUseCasePendiente,SecurityGuard vía GuardConsole,PENDIENTE,Guard Console,UC-ACC-20: Registrar Salida Manual desde Consola,Control de Acceso,FALTA_CASO_USO_EMISOR_FORMAL,La entrada no debe considerarse mágicamente originada por API/actor; requiere formalizar el caso de uso emisor correspondiente.
RegisterExternalIdentityCommand,Command,ExternalSystemCallbackUseCasePendiente,IdP Callback,PENDIENTE,External System,UC-IAM-01: Registrar Identidad Externa,Seguridad / IAM,FALTA_CASO_USO_EMISOR_FORMAL,La entrada no debe considerarse mágicamente originada por API/actor; requiere formalizar el caso de uso emisor correspondiente.
ProvisionNewStaffAccountCommand,Command,FrontendUseCasePendiente,SystemAdmin vía Backoffice/API,PENDIENTE,Backoffice UI,UC-IAM-02: Provisionar Nueva Cuenta de Personal,Seguridad / IAM,FALTA_CASO_USO_EMISOR_FORMAL,La entrada no debe considerarse mágicamente originada por API/actor; requiere formalizar el caso de uso emisor correspondiente.
ProvisionNewStaffAccountCommand,Command,FrontendUseCasePendiente,CommunityAdmin vía Panel/API,PENDIENTE,Panel Administrativo Comunidad,UC-IAM-02: Provisionar Nueva Cuenta de Personal,Seguridad / IAM,FALTA_CASO_USO_EMISOR_FORMAL,La entrada no debe considerarse mágicamente originada por API/actor; requiere formalizar el caso de uso emisor correspondiente.
AssignCommunityToStaffCommand,Command,FrontendUseCasePendiente,SystemAdmin vía Backoffice/API,PENDIENTE,Backoffice UI,UC-IAM-03: Asignar Comunidad a Personal Existente,Seguridad / IAM,FALTA_CASO_USO_EMISOR_FORMAL,La entrada no debe considerarse mágicamente originada por API/actor; requiere formalizar el caso de uso emisor correspondiente.
AssignCommunityToStaffCommand,Command,FrontendUseCasePendiente,CommunityAdmin vía Panel/API,PENDIENTE,Panel Administrativo Comunidad,UC-IAM-03: Asignar Comunidad a Personal Existente,Seguridad / IAM,FALTA_CASO_USO_EMISOR_FORMAL,La entrada no debe considerarse mágicamente originada por API/actor; requiere formalizar el caso de uso emisor correspondiente.
RevokeSessionCommand,Command,FrontendUseCasePendiente,Usuario vía App/API,PENDIENTE,App Residente,UC-IAM-04: Revocar Sesión,Seguridad / IAM,FALTA_CASO_USO_EMISOR_FORMAL,La entrada no debe considerarse mágicamente originada por API/actor; requiere formalizar el caso de uso emisor correspondiente.
RevokeSessionCommand,Command,FrontendUseCasePendiente,SystemAdmin vía Backoffice/API,PENDIENTE,Backoffice UI,UC-IAM-04: Revocar Sesión,Seguridad / IAM,FALTA_CASO_USO_EMISOR_FORMAL,La entrada no debe considerarse mágicamente originada por API/actor; requiere formalizar el caso de uso emisor correspondiente.
CommunityProvisionedEvent,IntegrationEvent,UseCase,UC-SUS-01: Aprovisionar Nuevo Fraccionamiento,UC-SUS-01: Aprovisionar Nuevo Fraccionamiento,Suscripción,UC-COM-09: Inicializar Entorno de Comunidad,Gestión de Comunidad,OK,Receptor explícito en UC-COM-09.
CommunityAdminAssignedEvent,IntegrationEvent,UseCase,UC-SUS-01: Aprovisionar Nuevo Fraccionamiento,UC-SUS-01: Aprovisionar Nuevo Fraccionamiento,Suscripción,UC-IAM-02: Provisionar Nueva Cuenta de Personal,Seguridad / IAM,OK,Receptor explícito en el flujo de aprovisionamiento de personal.
SubscriptionReactivatedEvent,IntegrationEvent,UseCase,UC-SUS-04: Registrar Pago Manual,UC-SUS-04: Registrar Pago Manual,Suscripción,PENDIENTE,Control de Acceso,EMITIDO_SIN_RECEPTOR_CONCRETO,"El documento indica reacción de Accesos para levantar blackout, pero no nombra UC receptor."
SubscriptionReactivatedEvent,IntegrationEvent,UseCase,UC-SUS-05: Reactivación Manual / Extensión de Gracia,UC-SUS-05: Reactivación Manual / Extensión de Gracia,Suscripción,PENDIENTE,Control de Acceso,EMITIDO_SIN_RECEPTOR_CONCRETO,"El documento indica reacción de Accesos para levantar blackout, pero no nombra UC receptor."
CommunityProfileUpdatedEvent,IntegrationEvent,UseCase,UC-SUS-10: Actualizar Datos Administrativos de Fraccionamiento,UC-SUS-10: Actualizar Datos Administrativos de Fraccionamiento,Suscripción,PENDIENTE,Gestión de Comunidad,EMITIDO_SIN_RECEPTOR_CONCRETO,"El documento indica sincronización en Comunidad, pero no nombra UC receptor."
SubscriptionSuspendedEvent,IntegrationEvent,UseCase,UC-SUS-11: Suspender Suscripción por Morosidad,UC-SUS-11: Suspender Suscripción por Morosidad,Suscripción,PENDIENTE,Control de Acceso,EMITIDO_SIN_RECEPTOR_CONCRETO,"El documento indica activación de modo de bloqueo en Accesos, pero no nombra UC receptor."
SubscriptionSuspendedEvent,IntegrationEvent,UseCase,UC-SUS-11: Suspender Suscripción por Morosidad,UC-SUS-11: Suspender Suscripción por Morosidad,Suscripción,PENDIENTE,Gestión de Comunidad,EMITIDO_SIN_RECEPTOR_CONCRETO,"El documento indica bloqueo de capacidades de escritura en Comunidad, pero no nombra UC receptor."
CommunityOperationsStartedEvent,IntegrationEvent,UseCase,UC-SUS-12: Activar Comunidad Programada,UC-SUS-12: Activar Comunidad Programada,Suscripción,PENDIENTE,Control de Acceso,EMITIDO_SIN_RECEPTOR_CONCRETO,"El documento indica autorización para operar casetas, pero no nombra UC receptor."
CommunityOperationsStartedEvent,IntegrationEvent,UseCase,UC-SUS-12: Activar Comunidad Programada,UC-SUS-12: Activar Comunidad Programada,Suscripción,PENDIENTE,Gestión de Comunidad,EMITIDO_SIN_RECEPTOR_CONCRETO,"El documento indica autorización para usar panel web, pero no nombra UC receptor."
SubscriptionCanceledEvent,IntegrationEvent,UseCase,UC-SUS-14: Cancelar / Dar de Baja Fraccionamiento,UC-SUS-14: Cancelar / Dar de Baja Fraccionamiento,Suscripción,PENDIENTE,Control de Acceso,EMITIDO_SIN_RECEPTOR_CONCRETO,"El documento indica bloqueo de casetas, pero no nombra UC receptor."
SubscriptionCanceledEvent,IntegrationEvent,UseCase,UC-SUS-14: Cancelar / Dar de Baja Fraccionamiento,UC-SUS-14: Cancelar / Dar de Baja Fraccionamiento,Suscripción,PENDIENTE,Gestión de Comunidad,EMITIDO_SIN_RECEPTOR_CONCRETO,"El documento indica congelamiento del panel administrativo, pero no nombra UC receptor."
SubscriptionCanceledEvent,IntegrationEvent,UseCase,UC-SUS-14: Cancelar / Dar de Baja Fraccionamiento,UC-SUS-14: Cancelar / Dar de Baja Fraccionamiento,Suscripción,PENDIENTE,Seguridad / IAM,EMITIDO_SIN_RECEPTOR_CONCRETO,"El documento indica invalidación de sesiones y tokens, pero no nombra UC receptor."
CommunitySettingsUpdatedEvent,IntegrationEvent,UseCase,UC-COM-01: Configurar Reglas de Comunidad,UC-COM-01: Configurar Reglas de Comunidad,Gestión de Comunidad,UC-ACC-19: Inicializar Entorno de Caseta,Control de Acceso,OK,Receptor explícito en UC-ACC-19.
ResidentRemovedEvent,IntegrationEvent,UseCase,UC-COM-06: Remover Residente,UC-COM-06: Remover Residente,Gestión de Comunidad,PENDIENTE,Control de Acceso,EMITIDO_SIN_RECEPTOR_CONCRETO,"El documento indica que Accesos debe cancelar invitaciones futuras, pero no nombra UC receptor."
ResidentRemovedEvent,IntegrationEvent,UseCase,UC-COM-06: Remover Residente,UC-COM-06: Remover Residente,Gestión de Comunidad,PENDIENTE,Seguridad / IAM,EMITIDO_SIN_RECEPTOR_CONCRETO,"El documento indica que IAM debe revocar tokens, pero no nombra UC receptor."
HouseOperationalStatusChangedEvent,IntegrationEvent,UseCase,UC-COM-07: Modificar Estado Operativo de Unidad Privativa,UC-COM-07: Modificar Estado Operativo de Unidad Privativa,Gestión de Comunidad,UC-ACC-21: Reaccionar a Suspensión de Unidad,Control de Acceso,OK,Receptor explícito en UC-ACC-21.
HouseSuspendedNotificationEvent,IntegrationEvent,UseCase,UC-COM-07: Modificar Estado Operativo de Unidad Privativa,UC-COM-07: Modificar Estado Operativo de Unidad Privativa,Gestión de Comunidad,PENDIENTE,Notificaciones / App móvil,EMITIDO_SIN_RECEPTOR_CONCRETO,"El documento indica captura por adaptador móvil, pero no nombra UC-NOT receptor."
InvitationGeneratedEvent,IntegrationEvent,UseCase,UC-ACC-01: Generar Invitación de Acceso,UC-ACC-01: Generar Invitación de Acceso,Control de Acceso,UC-NOT-04: Distribuir Pase de Acceso a Visitante,Notificaciones,OK,Receptor explícito en UC-NOT-04.
InvitationCanceledEvent,IntegrationEvent,UseCase,UC-ACC-02: Cancelar Invitación,UC-ACC-02: Cancelar Invitación,Control de Acceso,UC-NOT-05: Notificar Cancelación de Pase de Acceso,Notificaciones,OK,Receptor explícito en UC-NOT-05.
InvitationContactUpdatedEvent,IntegrationEvent,UseCase,UC-ACC-14: Actualizar Contacto de Invitación,UC-ACC-14: Actualizar Contacto de Invitación,Control de Acceso,UC-NOT-04: Distribuir Pase de Acceso a Visitante,Notificaciones,OK,Receptor explícito en UC-NOT-04.
InvitationResendRequestedEvent,IntegrationEvent,UseCase,UC-ACC-15: Solicitar Reenvío de Invitación,UC-ACC-15: Solicitar Reenvío de Invitación,Control de Acceso,UC-NOT-06: Despachar Reenvío de Pase de Acceso,Notificaciones,OK,Receptor explícito en UC-NOT-06.
AccessGrantedEvent,IntegrationEvent,UseCase,UC-ACC-03: Registrar Entrada Online,UC-ACC-03: Registrar Entrada Online,Control de Acceso,UC-NOT-01: Notificar Acceso a Residente,Notificaciones,OK,Receptor explícito en UC-NOT-01.
AccessGrantedEvent,IntegrationEvent,UseCase,UC-ACC-05: Procesar Eventos Diferidos,UC-ACC-05: Procesar Eventos Diferidos,Control de Acceso,UC-NOT-01: Notificar Acceso a Residente,Notificaciones,OK,Versión diferida explícitamente mencionada para notificación atrasada.
UnscheduledVisitAlertEvent,IntegrationEvent,UseCase,UC-ACC-06: Registrar Llegada Sorpresa,UC-ACC-06: Registrar Llegada Sorpresa,Control de Acceso,UC-NOT-01: Notificar Acceso a Residente,Notificaciones,OK,Receptor explícito en UC-NOT-01.
EmergencyOverrideTriggeredEvent,IntegrationEvent,UseCase,UC-ACC-07: Ejecutar Apertura de Contingencia,UC-ACC-07: Ejecutar Apertura de Contingencia,Control de Acceso,UC-NOT-02: Despachar Alerta Crítica de Seguridad,Notificaciones,OK,Receptor explícito en UC-NOT-02.
DepartureRegisteredEvent,IntegrationEvent,UseCase,UC-ACC-08: Registrar Salida de Visitante,UC-ACC-08: Registrar Salida de Visitante,Control de Acceso,UC-NOT-03: Notificar Salida a Residente,Notificaciones,OK,Receptor explícito en UC-NOT-03.
DepartureRegisteredEvent,IntegrationEvent,UseCase,UC-ACC-20: Registrar Salida Manual desde Consola,UC-ACC-20: Registrar Salida Manual desde Consola,Control de Acceso,UC-NOT-03: Notificar Salida a Residente,Notificaciones,OK,Receptor explícito en UC-NOT-03.
DepartureRegisteredEvent,IntegrationEvent,UseCase,UC-ACC-05: Procesar Eventos Diferidos,UC-ACC-05: Procesar Eventos Diferidos,Control de Acceso,UC-NOT-03: Notificar Salida a Residente,Notificaciones,OK,Versión diferida explícitamente mencionada para notificación atrasada.
OfflineOverrideAlertEvent,IntegrationEvent,UseCase,UC-ACC-05: Procesar Eventos Diferidos,UC-ACC-05: Procesar Eventos Diferidos,Control de Acceso,PENDIENTE,Notificaciones,EMITIDO_SIN_RECEPTOR_CONCRETO,"El documento indica que detona comunicación de transparencia al residente, pero no nombra UC-NOT receptor."
InvitationStatusUpdatedEvent,IntegrationEvent,UseCase,UC-ACC-22: Procesar Fallo de Entrega de Invitación,UC-ACC-22: Procesar Fallo de Entrega de Invitación,Control de Acceso,PENDIENTE,Frontend / App móvil,EMITIDO_SIN_RECEPTOR_CONCRETO,"El documento indica consumo por motor de transporte del frontend, pero no hay UC receptor."
AccessPassDeliveryFailedEvent,IntegrationEvent,UseCase,UC-NOT-04: Distribuir Pase de Acceso a Visitante,UC-NOT-04: Distribuir Pase de Acceso a Visitante,Notificaciones,UC-ACC-22: Procesar Fallo de Entrega de Invitación,Control de Acceso,OK,Receptor explícito en UC-ACC-22.
InitializeCommunityCommand,Command,EventHandler,CommunityProvisionedEvent,UC-SUS-01: Aprovisionar Nuevo Fraccionamiento,Suscripción,UC-COM-09: Inicializar Entorno de Comunidad,Gestión de Comunidad,OK,Comando interno construido por el listener de CommunityProvisionedEvent.
ProvisionNewStaffAccountCommand,Command,EventHandler,CommunityAdminAssignedEvent,UC-SUS-01: Aprovisionar Nuevo Fraccionamiento,Suscripción,UC-IAM-02: Provisionar Nueva Cuenta de Personal,Seguridad / IAM,OK,Comando interno construido por el listener de CommunityAdminAssignedEvent.
InitializeAccessEnvironmentCommand,Command,EventHandler,CommunitySettingsUpdatedEvent,UC-COM-01: Configurar Reglas de Comunidad,Gestión de Comunidad,UC-ACC-19: Inicializar Entorno de Caseta,Control de Acceso,OK,Comando interno construido por el listener de CommunitySettingsUpdatedEvent.
SyncHouseSuspensionCommand,Command,EventHandler,HouseOperationalStatusChangedEvent,UC-COM-07: Modificar Estado Operativo de Unidad Privativa,Gestión de Comunidad,UC-ACC-21: Reaccionar a Suspensión de Unidad,Control de Acceso,OK,Comando interno construido por el listener de HouseOperationalStatusChangedEvent.
DistributeAccessPassCommand,Command,EventHandler,InvitationGeneratedEvent,UC-ACC-01: Generar Invitación de Acceso,Control de Acceso,UC-NOT-04: Distribuir Pase de Acceso a Visitante,Notificaciones,OK,Comando interno construido por el listener de InvitationGeneratedEvent.
DistributeAccessPassCancellationCommand,Command,EventHandler,InvitationCanceledEvent,UC-ACC-02: Cancelar Invitación,Control de Acceso,UC-NOT-05: Notificar Cancelación de Pase de Acceso,Notificaciones,OK,Comando interno construido por el listener de InvitationCanceledEvent.
DistributeAccessPassCommand,Command,EventHandler,InvitationContactUpdatedEvent,UC-ACC-14: Actualizar Contacto de Invitación,Control de Acceso,UC-NOT-04: Distribuir Pase de Acceso a Visitante,Notificaciones,OK,Comando interno construido por el listener de InvitationContactUpdatedEvent.
DispatchAccessPassResendCommand,Command,EventHandler,InvitationResendRequestedEvent,UC-ACC-15: Solicitar Reenvío de Invitación,Control de Acceso,UC-NOT-06: Despachar Reenvío de Pase de Acceso,Notificaciones,OK,Comando interno construido por el listener de InvitationResendRequestedEvent.
DispatchAccessAlertCommand,Command,EventHandler,AccessGrantedEvent,UC-ACC-03: Registrar Entrada Online,Control de Acceso,UC-NOT-01: Notificar Acceso a Residente,Notificaciones,OK,Comando interno construido por el listener de AccessGrantedEvent.
DispatchAccessAlertCommand,Command,EventHandler,AccessGrantedEvent,UC-ACC-05: Procesar Eventos Diferidos,Control de Acceso,UC-NOT-01: Notificar Acceso a Residente,Notificaciones,OK,Comando interno construido por el listener de AccessGrantedEvent.
DispatchAccessAlertCommand,Command,EventHandler,UnscheduledVisitAlertEvent,UC-ACC-06: Registrar Llegada Sorpresa,Control de Acceso,UC-NOT-01: Notificar Acceso a Residente,Notificaciones,OK,Comando interno construido por el listener de UnscheduledVisitAlertEvent.
DispatchCriticalAlertCommand,Command,EventHandler,EmergencyOverrideTriggeredEvent,UC-ACC-07: Ejecutar Apertura de Contingencia,Control de Acceso,UC-NOT-02: Despachar Alerta Crítica de Seguridad,Notificaciones,OK,Comando interno construido por el listener de EmergencyOverrideTriggeredEvent.
DispatchExitAlertCommand,Command,EventHandler,DepartureRegisteredEvent,UC-ACC-08: Registrar Salida de Visitante,Control de Acceso,UC-NOT-03: Notificar Salida a Residente,Notificaciones,OK,Comando interno construido por el listener de DepartureRegisteredEvent.
DispatchExitAlertCommand,Command,EventHandler,DepartureRegisteredEvent,UC-ACC-20: Registrar Salida Manual desde Consola,Control de Acceso,UC-NOT-03: Notificar Salida a Residente,Notificaciones,OK,Comando interno construido por el listener de DepartureRegisteredEvent.
DispatchExitAlertCommand,Command,EventHandler,DepartureRegisteredEvent,UC-ACC-05: Procesar Eventos Diferidos,Control de Acceso,UC-NOT-03: Notificar Salida a Residente,Notificaciones,OK,Comando interno construido por el listener de DepartureRegisteredEvent.
HandleDeliveryFailureCommand,Command,EventHandler,AccessPassDeliveryFailedEvent,UC-NOT-04: Distribuir Pase de Acceso a Visitante,Notificaciones,UC-ACC-22: Procesar Fallo de Entrega de Invitación,Control de Acceso,OK,Comando interno construido por el listener de AccessPassDeliveryFailedEvent.
