Mensaje,Tipo,Problema,Caso de uso Emisor,Módulo Emisor,Caso de uso Receptor,Módulo Receptor,Severidad,Recomendación,Observaciones
SubscriptionReactivatedEvent,IntegrationEvent,EMITIDO_SIN_RECEPTOR_CONCRETO,UC-SUS-04: Registrar Pago Manual,Suscripción,PENDIENTE,Control de Acceso,ALTA,Formalizar el caso de uso emisor/receptor concreto o reclasificar el mensaje fuera de la matriz de integración.,"El documento indica reacción de Accesos para levantar blackout, pero no nombra UC receptor."
SubscriptionReactivatedEvent,IntegrationEvent,EMITIDO_SIN_RECEPTOR_CONCRETO,UC-SUS-05: Reactivación Manual / Extensión de Gracia,Suscripción,PENDIENTE,Control de Acceso,ALTA,Formalizar el caso de uso emisor/receptor concreto o reclasificar el mensaje fuera de la matriz de integración.,"El documento indica reacción de Accesos para levantar blackout, pero no nombra UC receptor."
CommunityProfileUpdatedEvent,IntegrationEvent,EMITIDO_SIN_RECEPTOR_CONCRETO,UC-SUS-10: Actualizar Datos Administrativos de Fraccionamiento,Suscripción,PENDIENTE,Gestión de Comunidad,ALTA,Formalizar el caso de uso emisor/receptor concreto o reclasificar el mensaje fuera de la matriz de integración.,"El documento indica sincronización en Comunidad, pero no nombra UC receptor."
SubscriptionSuspendedEvent,IntegrationEvent,EMITIDO_SIN_RECEPTOR_CONCRETO,UC-SUS-11: Suspender Suscripción por Morosidad,Suscripción,PENDIENTE,Control de Acceso,ALTA,Formalizar el caso de uso emisor/receptor concreto o reclasificar el mensaje fuera de la matriz de integración.,"El documento indica activación de modo de bloqueo en Accesos, pero no nombra UC receptor."
SubscriptionSuspendedEvent,IntegrationEvent,EMITIDO_SIN_RECEPTOR_CONCRETO,UC-SUS-11: Suspender Suscripción por Morosidad,Suscripción,PENDIENTE,Gestión de Comunidad,ALTA,Formalizar el caso de uso emisor/receptor concreto o reclasificar el mensaje fuera de la matriz de integración.,"El documento indica bloqueo de capacidades de escritura en Comunidad, pero no nombra UC receptor."
CommunityOperationsStartedEvent,IntegrationEvent,EMITIDO_SIN_RECEPTOR_CONCRETO,UC-SUS-12: Activar Comunidad Programada,Suscripción,PENDIENTE,Control de Acceso,ALTA,Formalizar el caso de uso emisor/receptor concreto o reclasificar el mensaje fuera de la matriz de integración.,"El documento indica autorización para operar casetas, pero no nombra UC receptor."
CommunityOperationsStartedEvent,IntegrationEvent,EMITIDO_SIN_RECEPTOR_CONCRETO,UC-SUS-12: Activar Comunidad Programada,Suscripción,PENDIENTE,Gestión de Comunidad,ALTA,Formalizar el caso de uso emisor/receptor concreto o reclasificar el mensaje fuera de la matriz de integración.,"El documento indica autorización para usar panel web, pero no nombra UC receptor."
SubscriptionCanceledEvent,IntegrationEvent,EMITIDO_SIN_RECEPTOR_CONCRETO,UC-SUS-14: Cancelar / Dar de Baja Fraccionamiento,Suscripción,PENDIENTE,Control de Acceso,ALTA,Formalizar el caso de uso emisor/receptor concreto o reclasificar el mensaje fuera de la matriz de integración.,"El documento indica bloqueo de casetas, pero no nombra UC receptor."
SubscriptionCanceledEvent,IntegrationEvent,EMITIDO_SIN_RECEPTOR_CONCRETO,UC-SUS-14: Cancelar / Dar de Baja Fraccionamiento,Suscripción,PENDIENTE,Gestión de Comunidad,ALTA,Formalizar el caso de uso emisor/receptor concreto o reclasificar el mensaje fuera de la matriz de integración.,"El documento indica congelamiento del panel administrativo, pero no nombra UC receptor."
SubscriptionCanceledEvent,IntegrationEvent,EMITIDO_SIN_RECEPTOR_CONCRETO,UC-SUS-14: Cancelar / Dar de Baja Fraccionamiento,Suscripción,PENDIENTE,Seguridad / IAM,ALTA,Formalizar el caso de uso emisor/receptor concreto o reclasificar el mensaje fuera de la matriz de integración.,"El documento indica invalidación de sesiones y tokens, pero no nombra UC receptor."
ResidentRemovedEvent,IntegrationEvent,EMITIDO_SIN_RECEPTOR_CONCRETO,UC-COM-06: Remover Residente,Gestión de Comunidad,PENDIENTE,Control de Acceso,ALTA,Formalizar el caso de uso emisor/receptor concreto o reclasificar el mensaje fuera de la matriz de integración.,"El documento indica que Accesos debe cancelar invitaciones futuras, pero no nombra UC receptor."
ResidentRemovedEvent,IntegrationEvent,EMITIDO_SIN_RECEPTOR_CONCRETO,UC-COM-06: Remover Residente,Gestión de Comunidad,PENDIENTE,Seguridad / IAM,ALTA,Formalizar el caso de uso emisor/receptor concreto o reclasificar el mensaje fuera de la matriz de integración.,"El documento indica que IAM debe revocar tokens, pero no nombra UC receptor."
HouseSuspendedNotificationEvent,IntegrationEvent,EMITIDO_SIN_RECEPTOR_CONCRETO,UC-COM-07: Modificar Estado Operativo de Unidad Privativa,Gestión de Comunidad,PENDIENTE,Notificaciones / App móvil,ALTA,Formalizar el caso de uso emisor/receptor concreto o reclasificar el mensaje fuera de la matriz de integración.,"El documento indica captura por adaptador móvil, pero no nombra UC-NOT receptor."
OfflineOverrideAlertEvent,IntegrationEvent,EMITIDO_SIN_RECEPTOR_CONCRETO,UC-ACC-05: Procesar Eventos Diferidos,Control de Acceso,PENDIENTE,Notificaciones,ALTA,Formalizar el caso de uso emisor/receptor concreto o reclasificar el mensaje fuera de la matriz de integración.,"El documento indica que detona comunicación de transparencia al residente, pero no nombra UC-NOT receptor."
InvitationStatusUpdatedEvent,IntegrationEvent,EMITIDO_SIN_RECEPTOR_CONCRETO,UC-ACC-22: Procesar Fallo de Entrega de Invitación,Control de Acceso,PENDIENTE,Frontend / App móvil,ALTA,Formalizar el caso de uso emisor/receptor concreto o reclasificar el mensaje fuera de la matriz de integración.,"El documento indica consumo por motor de transporte del frontend, pero no hay UC receptor."
ProvisionCommunityCommand,Command,FALTA_CASO_USO_EMISOR_FORMAL,PENDIENTE,Backoffice UI,UC-SUS-01: Aprovisionar Nuevo Fraccionamiento,Suscripción,MEDIA,Crear/formalizar un FrontendUseCase que origine este mensaje.,"La fuente funcional existe como actor, scheduler, hardware o sistema externo, pero no como caso de uso formalizado."
GetCommunitiesQuery,Query,FALTA_CASO_USO_EMISOR_FORMAL,PENDIENTE,Backoffice UI,UC-SUS-02: Consultar Directorio de Fraccionamientos,Suscripción,MEDIA,Crear/formalizar un FrontendUseCase que origine este mensaje.,"La fuente funcional existe como actor, scheduler, hardware o sistema externo, pero no como caso de uso formalizado."
GetCommunityDetailQuery,Query,FALTA_CASO_USO_EMISOR_FORMAL,PENDIENTE,Backoffice UI,UC-SUS-03: Consultar Detalle y Estado de Cuenta de Fraccionamiento,Suscripción,MEDIA,Crear/formalizar un FrontendUseCase que origine este mensaje.,"La fuente funcional existe como actor, scheduler, hardware o sistema externo, pero no como caso de uso formalizado."
RegisterManualPaymentCommand,Command,FALTA_CASO_USO_EMISOR_FORMAL,PENDIENTE,Backoffice UI,UC-SUS-04: Registrar Pago Manual,Suscripción,MEDIA,Crear/formalizar un FrontendUseCase que origine este mensaje.,"La fuente funcional existe como actor, scheduler, hardware o sistema externo, pero no como caso de uso formalizado."
GrantGracePeriodCommand,Command,FALTA_CASO_USO_EMISOR_FORMAL,PENDIENTE,Backoffice UI,UC-SUS-05: Reactivación Manual / Extensión de Gracia,Suscripción,MEDIA,Crear/formalizar un FrontendUseCase que origine este mensaje.,"La fuente funcional existe como actor, scheduler, hardware o sistema externo, pero no como caso de uso formalizado."
GetMyBillingProfileQuery,Query,FALTA_CASO_USO_EMISOR_FORMAL,PENDIENTE,Panel Administrativo Comunidad,UC-SUS-09: Consultar Mi Estado de Facturación,Suscripción,MEDIA,Crear/formalizar un FrontendUseCase que origine este mensaje.,"La fuente funcional existe como actor, scheduler, hardware o sistema externo, pero no como caso de uso formalizado."
UpdateCommunityProfileCommand,Command,FALTA_CASO_USO_EMISOR_FORMAL,PENDIENTE,Backoffice UI,UC-SUS-10: Actualizar Datos Administrativos de Fraccionamiento,Suscripción,MEDIA,Crear/formalizar un FrontendUseCase que origine este mensaje.,"La fuente funcional existe como actor, scheduler, hardware o sistema externo, pero no como caso de uso formalizado."
SuspendSubscriptionCommand,Command,FALTA_CASO_USO_EMISOR_FORMAL,PENDIENTE,Scheduler / Worker,UC-SUS-11: Suspender Suscripción por Morosidad,Suscripción,ALTA,Crear/formalizar un SchedulerUseCase que origine este mensaje.,"La fuente funcional existe como actor, scheduler, hardware o sistema externo, pero no como caso de uso formalizado."
SuspendSubscriptionCommand,Command,FALTA_CASO_USO_EMISOR_FORMAL,PENDIENTE,Backoffice UI,UC-SUS-11: Suspender Suscripción por Morosidad,Suscripción,MEDIA,Crear/formalizar un FrontendUseCase que origine este mensaje.,"La fuente funcional existe como actor, scheduler, hardware o sistema externo, pero no como caso de uso formalizado."
ActivateScheduledCommunityCommand,Command,FALTA_CASO_USO_EMISOR_FORMAL,PENDIENTE,Scheduler / Worker,UC-SUS-12: Activar Comunidad Programada,Suscripción,ALTA,Crear/formalizar un SchedulerUseCase que origine este mensaje.,"La fuente funcional existe como actor, scheduler, hardware o sistema externo, pero no como caso de uso formalizado."
GetManualPaymentReferenceQuery,Query,FALTA_CASO_USO_EMISOR_FORMAL,PENDIENTE,Panel Administrativo Comunidad,UC-SUS-13: Consultar Referencia de Pago Manual,Suscripción,MEDIA,Crear/formalizar un FrontendUseCase que origine este mensaje.,"La fuente funcional existe como actor, scheduler, hardware o sistema externo, pero no como caso de uso formalizado."
CancelSubscriptionCommand,Command,FALTA_CASO_USO_EMISOR_FORMAL,PENDIENTE,Backoffice UI,UC-SUS-14: Cancelar / Dar de Baja Fraccionamiento,Suscripción,MEDIA,Crear/formalizar un FrontendUseCase que origine este mensaje.,"La fuente funcional existe como actor, scheduler, hardware o sistema externo, pero no como caso de uso formalizado."
ConfigureCommunityCommand,Command,FALTA_CASO_USO_EMISOR_FORMAL,PENDIENTE,Panel Administrativo Comunidad,UC-COM-01: Configurar Reglas de Comunidad,Gestión de Comunidad,MEDIA,Crear/formalizar un FrontendUseCase que origine este mensaje.,"La fuente funcional existe como actor, scheduler, hardware o sistema externo, pero no como caso de uso formalizado."
RegisterHouseModelCommand,Command,FALTA_CASO_USO_EMISOR_FORMAL,PENDIENTE,Panel Administrativo Comunidad,UC-COM-02: Registrar Modelo de Propiedad,Gestión de Comunidad,MEDIA,Crear/formalizar un FrontendUseCase que origine este mensaje.,"La fuente funcional existe como actor, scheduler, hardware o sistema externo, pero no como caso de uso formalizado."
RegisterHouseCommand,Command,FALTA_CASO_USO_EMISOR_FORMAL,PENDIENTE,Panel Administrativo Comunidad,UC-COM-03: Registrar Unidad Privativa,Gestión de Comunidad,MEDIA,Crear/formalizar un FrontendUseCase que origine este mensaje.,"La fuente funcional existe como actor, scheduler, hardware o sistema externo, pero no como caso de uso formalizado."
AssignPrimaryResidentCommand,Command,FALTA_CASO_USO_EMISOR_FORMAL,PENDIENTE,Panel Administrativo Comunidad,UC-COM-04: Asignar Residente Principal,Gestión de Comunidad,MEDIA,Crear/formalizar un FrontendUseCase que origine este mensaje.,"La fuente funcional existe como actor, scheduler, hardware o sistema externo, pero no como caso de uso formalizado."
RegisterSecondaryResidentCommand,Command,FALTA_CASO_USO_EMISOR_FORMAL,PENDIENTE,App Residente,UC-COM-05: Registrar Residente Secundario,Gestión de Comunidad,MEDIA,Crear/formalizar un FrontendUseCase que origine este mensaje.,"La fuente funcional existe como actor, scheduler, hardware o sistema externo, pero no como caso de uso formalizado."
RegisterSecondaryResidentCommand,Command,FALTA_CASO_USO_EMISOR_FORMAL,PENDIENTE,Panel Administrativo Comunidad,UC-COM-05: Registrar Residente Secundario,Gestión de Comunidad,MEDIA,Crear/formalizar un FrontendUseCase que origine este mensaje.,"La fuente funcional existe como actor, scheduler, hardware o sistema externo, pero no como caso de uso formalizado."
RemoveResidentCommand,Command,FALTA_CASO_USO_EMISOR_FORMAL,PENDIENTE,App Residente,UC-COM-06: Remover Residente,Gestión de Comunidad,MEDIA,Crear/formalizar un FrontendUseCase que origine este mensaje.,"La fuente funcional existe como actor, scheduler, hardware o sistema externo, pero no como caso de uso formalizado."
RemoveResidentCommand,Command,FALTA_CASO_USO_EMISOR_FORMAL,PENDIENTE,Panel Administrativo Comunidad,UC-COM-06: Remover Residente,Gestión de Comunidad,MEDIA,Crear/formalizar un FrontendUseCase que origine este mensaje.,"La fuente funcional existe como actor, scheduler, hardware o sistema externo, pero no como caso de uso formalizado."
ChangeHouseOperationalStatusCommand,Command,FALTA_CASO_USO_EMISOR_FORMAL,PENDIENTE,Panel Administrativo Comunidad,UC-COM-07: Modificar Estado Operativo de Unidad Privativa,Gestión de Comunidad,MEDIA,Crear/formalizar un FrontendUseCase que origine este mensaje.,"La fuente funcional existe como actor, scheduler, hardware o sistema externo, pero no como caso de uso formalizado."
GenerateHouseBlockCommand,Command,FALTA_CASO_USO_EMISOR_FORMAL,PENDIENTE,Panel Administrativo Comunidad,UC-COM-08: Generar Bloque de Unidades Privativas,Gestión de Comunidad,MEDIA,Crear/formalizar un FrontendUseCase que origine este mensaje.,"La fuente funcional existe como actor, scheduler, hardware o sistema externo, pero no como caso de uso formalizado."
RevealVisitorIdentityCommand,Command,FALTA_CASO_USO_EMISOR_FORMAL,PENDIENTE,Panel Administrativo Comunidad,UC-COM-10: Auditar Identidad de Visitante,Gestión de Comunidad,MEDIA,Crear/formalizar un FrontendUseCase que origine este mensaje.,"La fuente funcional existe como actor, scheduler, hardware o sistema externo, pero no como caso de uso formalizado."
GenerateInvitationCommand,Command,FALTA_CASO_USO_EMISOR_FORMAL,PENDIENTE,App Residente,UC-ACC-01: Generar Invitación de Acceso,Control de Acceso,MEDIA,Crear/formalizar un FrontendUseCase que origine este mensaje.,"La fuente funcional existe como actor, scheduler, hardware o sistema externo, pero no como caso de uso formalizado."
CancelInvitationCommand,Command,FALTA_CASO_USO_EMISOR_FORMAL,PENDIENTE,App Residente,UC-ACC-02: Cancelar Invitación,Control de Acceso,MEDIA,Crear/formalizar un FrontendUseCase que origine este mensaje.,"La fuente funcional existe como actor, scheduler, hardware o sistema externo, pero no como caso de uso formalizado."
RegisterOnlineEntryCommand,Command,FALTA_CASO_USO_EMISOR_FORMAL,PENDIENTE,KioskApp / GuardConsole,UC-ACC-03: Registrar Entrada Online,Control de Acceso,ALTA,Crear/formalizar un HardwareUseCase que origine este mensaje.,"La fuente funcional existe como actor, scheduler, hardware o sistema externo, pero no como caso de uso formalizado."
GetValidTokensForTodayQuery,Query,FALTA_CASO_USO_EMISOR_FORMAL,PENDIENTE,KioskApp / GuardConsole,UC-ACC-04: Sincronizar Caché Offline,Control de Acceso,ALTA,Crear/formalizar un HardwareUseCase que origine este mensaje.,"La fuente funcional existe como actor, scheduler, hardware o sistema externo, pero no como caso de uso formalizado."
SyncDeferredAccessesCommand,Command,FALTA_CASO_USO_EMISOR_FORMAL,PENDIENTE,KioskApp / GuardConsole,UC-ACC-05: Procesar Eventos Diferidos,Control de Acceso,ALTA,Crear/formalizar un HardwareUseCase que origine este mensaje.,"La fuente funcional existe como actor, scheduler, hardware o sistema externo, pero no como caso de uso formalizado."
RegisterUnscheduledVisitCommand,Command,FALTA_CASO_USO_EMISOR_FORMAL,PENDIENTE,Guard Console,UC-ACC-06: Registrar Llegada Sorpresa,Control de Acceso,MEDIA,Crear/formalizar un FrontendUseCase que origine este mensaje.,"La fuente funcional existe como actor, scheduler, hardware o sistema externo, pero no como caso de uso formalizado."
TriggerEmergencyOverrideCommand,Command,FALTA_CASO_USO_EMISOR_FORMAL,PENDIENTE,Guard Console,UC-ACC-07: Ejecutar Apertura de Contingencia,Control de Acceso,MEDIA,Crear/formalizar un FrontendUseCase que origine este mensaje.,"La fuente funcional existe como actor, scheduler, hardware o sistema externo, pero no como caso de uso formalizado."
RegisterDepartureCommand,Command,FALTA_CASO_USO_EMISOR_FORMAL,PENDIENTE,KioskApp / GuardConsole,UC-ACC-08: Registrar Salida de Visitante,Control de Acceso,ALTA,Crear/formalizar un HardwareUseCase que origine este mensaje.,"La fuente funcional existe como actor, scheduler, hardware o sistema externo, pero no como caso de uso formalizado."
RegisterDepartureCommand,Command,FALTA_CASO_USO_EMISOR_FORMAL,PENDIENTE,Guard Console,UC-ACC-08: Registrar Salida de Visitante,Control de Acceso,MEDIA,Crear/formalizar un FrontendUseCase que origine este mensaje.,"La fuente funcional existe como actor, scheduler, hardware o sistema externo, pero no como caso de uso formalizado."
ExpirePendingInvitationsCommand,Command,FALTA_CASO_USO_EMISOR_FORMAL,PENDIENTE,Scheduler / Worker,UC-ACC-09: Invalidar Invitaciones Expiradas,Control de Acceso,ALTA,Crear/formalizar un SchedulerUseCase que origine este mensaje.,"La fuente funcional existe como actor, scheduler, hardware o sistema externo, pero no como caso de uso formalizado."
RegisterOfflineDepartureCommand,Command,FALTA_CASO_USO_EMISOR_FORMAL,PENDIENTE,KioskApp / GuardConsole,UC-ACC-10: Registrar Salida Offline,Control de Acceso / KioskApp,ALTA,Crear/formalizar un HardwareUseCase que origine este mensaje.,"La fuente funcional existe como actor, scheduler, hardware o sistema externo, pero no como caso de uso formalizado."
ValidateOfflineTokenCommand,Command,FALTA_CASO_USO_EMISOR_FORMAL,PENDIENTE,KioskApp / GuardConsole,UC-ACC-11: Validar Acceso Offline,Control de Acceso / KioskApp,ALTA,Crear/formalizar un HardwareUseCase que origine este mensaje.,"La fuente funcional existe como actor, scheduler, hardware o sistema externo, pero no como caso de uso formalizado."
ResolveEmergencyOverrideCommand,Command,FALTA_CASO_USO_EMISOR_FORMAL,PENDIENTE,Guard Console,UC-ACC-12: Justificar Contingencia Pendiente,Control de Acceso,MEDIA,Crear/formalizar un FrontendUseCase que origine este mensaje.,"La fuente funcional existe como actor, scheduler, hardware o sistema externo, pero no como caso de uso formalizado."
SendHeartbeatCommand,Command,FALTA_CASO_USO_EMISOR_FORMAL,PENDIENTE,KioskApp / GuardConsole,UC-ACC-13: Sincronizar Estado Operativo Global,Control de Acceso,ALTA,Crear/formalizar un HardwareUseCase que origine este mensaje.,"La fuente funcional existe como actor, scheduler, hardware o sistema externo, pero no como caso de uso formalizado."
UpdateInvitationContactCommand,Command,FALTA_CASO_USO_EMISOR_FORMAL,PENDIENTE,App Residente,UC-ACC-14: Actualizar Contacto de Invitación,Control de Acceso,MEDIA,Crear/formalizar un FrontendUseCase que origine este mensaje.,"La fuente funcional existe como actor, scheduler, hardware o sistema externo, pero no como caso de uso formalizado."
RequestInvitationResendCommand,Command,FALTA_CASO_USO_EMISOR_FORMAL,PENDIENTE,App Residente,UC-ACC-15: Solicitar Reenvío de Invitación,Control de Acceso,MEDIA,Crear/formalizar un FrontendUseCase que origine este mensaje.,"La fuente funcional existe como actor, scheduler, hardware o sistema externo, pero no como caso de uso formalizado."
GetActiveInvitationsQuery,Query,FALTA_CASO_USO_EMISOR_FORMAL,PENDIENTE,App Residente,UC-ACC-16: Consultar Mis Invitaciones Activas,Control de Acceso,MEDIA,Crear/formalizar un FrontendUseCase que origine este mensaje.,"La fuente funcional existe como actor, scheduler, hardware o sistema externo, pero no como caso de uso formalizado."
GetInvitationDetailQuery,Query,FALTA_CASO_USO_EMISOR_FORMAL,PENDIENTE,App Residente,UC-ACC-17: Consultar Detalle de Invitación,Control de Acceso,MEDIA,Crear/formalizar un FrontendUseCase que origine este mensaje.,"La fuente funcional existe como actor, scheduler, hardware o sistema externo, pero no como caso de uso formalizado."
GetInvitationHistoryQuery,Query,FALTA_CASO_USO_EMISOR_FORMAL,PENDIENTE,App Residente,UC-ACC-18: Consultar Historial de Invitaciones,Control de Acceso,MEDIA,Crear/formalizar un FrontendUseCase que origine este mensaje.,"La fuente funcional existe como actor, scheduler, hardware o sistema externo, pero no como caso de uso formalizado."
RegisterManualDepartureCommand,Command,FALTA_CASO_USO_EMISOR_FORMAL,PENDIENTE,Guard Console,UC-ACC-20: Registrar Salida Manual desde Consola,Control de Acceso,MEDIA,Crear/formalizar un FrontendUseCase que origine este mensaje.,"La fuente funcional existe como actor, scheduler, hardware o sistema externo, pero no como caso de uso formalizado."
RegisterExternalIdentityCommand,Command,FALTA_CASO_USO_EMISOR_FORMAL,PENDIENTE,IdP / External Callback,UC-IAM-01: Registrar Identidad Externa,Seguridad / IAM,ALTA,Crear/formalizar un ExternalSystemCallbackUseCase que origine este mensaje.,"La fuente funcional existe como actor, scheduler, hardware o sistema externo, pero no como caso de uso formalizado."
ProvisionNewStaffAccountCommand,Command,FALTA_CASO_USO_EMISOR_FORMAL,PENDIENTE,Backoffice UI,UC-IAM-02: Provisionar Nueva Cuenta de Personal,Seguridad / IAM,MEDIA,Crear/formalizar un FrontendUseCase que origine este mensaje.,"La fuente funcional existe como actor, scheduler, hardware o sistema externo, pero no como caso de uso formalizado."
ProvisionNewStaffAccountCommand,Command,FALTA_CASO_USO_EMISOR_FORMAL,PENDIENTE,Panel Administrativo Comunidad,UC-IAM-02: Provisionar Nueva Cuenta de Personal,Seguridad / IAM,MEDIA,Crear/formalizar un FrontendUseCase que origine este mensaje.,"La fuente funcional existe como actor, scheduler, hardware o sistema externo, pero no como caso de uso formalizado."
AssignCommunityToStaffCommand,Command,FALTA_CASO_USO_EMISOR_FORMAL,PENDIENTE,Backoffice UI,UC-IAM-03: Asignar Comunidad a Personal Existente,Seguridad / IAM,MEDIA,Crear/formalizar un FrontendUseCase que origine este mensaje.,"La fuente funcional existe como actor, scheduler, hardware o sistema externo, pero no como caso de uso formalizado."
AssignCommunityToStaffCommand,Command,FALTA_CASO_USO_EMISOR_FORMAL,PENDIENTE,Panel Administrativo Comunidad,UC-IAM-03: Asignar Comunidad a Personal Existente,Seguridad / IAM,MEDIA,Crear/formalizar un FrontendUseCase que origine este mensaje.,"La fuente funcional existe como actor, scheduler, hardware o sistema externo, pero no como caso de uso formalizado."
RevokeSessionCommand,Command,FALTA_CASO_USO_EMISOR_FORMAL,PENDIENTE,App Residente,UC-IAM-04: Revocar Sesión,Seguridad / IAM,MEDIA,Crear/formalizar un FrontendUseCase que origine este mensaje.,"La fuente funcional existe como actor, scheduler, hardware o sistema externo, pero no como caso de uso formalizado."
RevokeSessionCommand,Command,FALTA_CASO_USO_EMISOR_FORMAL,PENDIENTE,Backoffice UI,UC-IAM-04: Revocar Sesión,Seguridad / IAM,MEDIA,Crear/formalizar un FrontendUseCase que origine este mensaje.,"La fuente funcional existe como actor, scheduler, hardware o sistema externo, pero no como caso de uso formalizado."
SubscriptionSuspendedEvent,IntegrationEvent,DUPLICADO_EXACTO,UC-SUS-11: Suspender Suscripción por Morosidad,Suscripción,PENDIENTE,Gestión de Comunidad,BAJA,Eliminar fila duplicada exacta.,Misma combinación de Mensaje + Tipo + Emisor + Receptor + Origen.
CommunityOperationsStartedEvent,IntegrationEvent,DUPLICADO_EXACTO,UC-SUS-12: Activar Comunidad Programada,Suscripción,PENDIENTE,Gestión de Comunidad,BAJA,Eliminar fila duplicada exacta.,Misma combinación de Mensaje + Tipo + Emisor + Receptor + Origen.
SubscriptionCanceledEvent,IntegrationEvent,DUPLICADO_EXACTO,UC-SUS-14: Cancelar / Dar de Baja Fraccionamiento,Suscripción,PENDIENTE,Gestión de Comunidad,BAJA,Eliminar fila duplicada exacta.,Misma combinación de Mensaje + Tipo + Emisor + Receptor + Origen.
SubscriptionCanceledEvent,IntegrationEvent,DUPLICADO_EXACTO,UC-SUS-14: Cancelar / Dar de Baja Fraccionamiento,Suscripción,PENDIENTE,Seguridad / IAM,BAJA,Eliminar fila duplicada exacta.,Misma combinación de Mensaje + Tipo + Emisor + Receptor + Origen.
ResidentRemovedEvent,IntegrationEvent,DUPLICADO_EXACTO,UC-COM-06: Remover Residente,Gestión de Comunidad,PENDIENTE,Seguridad / IAM,BAJA,Eliminar fila duplicada exacta.,Misma combinación de Mensaje + Tipo + Emisor + Receptor + Origen.
